{"accuracy": [0.25850000977516174, 0.3634200096130371, 0.41940000653266907, 0.45532000064849854, 0.4880799949169159, 0.5135400295257568, 0.540340006351471, 0.5544999837875366, 0.5684599876403809, 0.5814399719238281, 0.5905200242996216, 0.5982599854469299, 0.6078400015830994, 0.6119599938392639, 0.6182600259780884, 0.6218400001525879, 0.6306999921798706, 0.63646000623703, 0.6384000182151794, 0.6453400254249573, 0.6488999724388123, 0.6500599980354309, 0.6547399759292603, 0.6585000157356262, 0.6593400239944458, 0.6623600125312805, 0.6646599769592285, 0.6671000123023987, 0.671180009841919, 0.6747999787330627, 0.6739199757575989, 0.6798800230026245, 0.680400013923645, 0.682200014591217, 0.6815199851989746, 0.6841400265693665, 0.6825600266456604, 0.6880999803543091, 0.689079999923706, 0.6930999755859375, 0.6941800117492676, 0.694100022315979, 0.6976600289344788, 0.6958400011062622, 0.6990799903869629, 0.7002400159835815, 0.7030400037765503, 0.7020999789237976, 0.7049199938774109, 0.7038800120353699, 0.702019989490509, 0.7082399725914001], "loss": [2.2654311656951904, 1.769701600074768, 1.6172271966934204, 1.5226002931594849, 1.4370332956314087, 1.3693323135375977, 1.3062297105789185, 1.2601416110992432, 1.2230428457260132, 1.1929264068603516, 1.1640855073928833, 1.1417819261550903, 1.1183253526687622, 1.1047656536102295, 1.0839568376541138, 1.0680688619613647, 1.0530751943588257, 1.0352705717086792, 1.0337661504745483, 1.0146487951278687, 1.0056301355361938, 1.0017108917236328, 0.9900127053260803, 0.9810044765472412, 0.9699570536613464, 0.9624614715576172, 0.9597225785255432, 0.9464507102966309, 0.9424417018890381, 0.9349896311759949, 0.9298156499862671, 0.9177559614181519, 0.9147680401802063, 0.9075968265533447, 0.905394971370697, 0.8970777988433838, 0.8976035714149475, 0.8899672031402588, 0.8878622651100159, 0.8769983053207397, 0.8762193918228149, 0.8704422116279602, 0.8651807904243469, 0.8704686164855957, 0.8576446175575256, 0.8588160872459412, 0.8511055707931519, 0.8516233563423157, 0.8478151559829712, 0.8488796949386597, 0.8421270251274109, 0.8392431139945984], "val_accuracy": [0.13519999384880066, 0.3102000057697296, 0.47510001063346863, 0.47749999165534973, 0.5120000243186951, 0.5741999745368958, 0.5648999810218811, 0.5723000168800354, 0.6172999739646912, 0.621999979019165, 0.5666999816894531, 0.6123999953269958, 0.5873000025749207, 0.6225000023841858, 0.6169999837875366, 0.6298999786376953, 0.636900007724762, 0.6682999730110168, 0.6730999946594238, 0.6680999994277954, 0.6539000272750854, 0.6524999737739563, 0.6851000189781189, 0.6861000061035156, 0.694599986076355, 0.6797999739646912, 0.6808000206947327, 0.6863999962806702, 0.7028999924659729, 0.7005000114440918, 0.6972000002861023, 0.6895999908447266, 0.7013999819755554, 0.6965000033378601, 0.7092000246047974, 0.7021999955177307, 0.6980999708175659, 0.718999981880188, 0.7017999887466431, 0.7091000080108643, 0.713699996471405, 0.7182999849319458, 0.7206000089645386, 0.7261000275611877, 0.6938999891281128, 0.7221999764442444, 0.6998000144958496, 0.7059000134468079, 0.6739000082015991, 0.7178000211715698, 0.7103000283241272, 0.6818000078201294], "val_loss": [3.661871910095215, 1.9580458402633667, 1.4672788381576538, 1.4975037574768066, 1.4383317232131958, 1.2024281024932861, 1.2331912517547607, 1.2201006412506104, 1.0955525636672974, 1.0812126398086548, 1.260675311088562, 1.1087851524353027, 1.1805052757263184, 1.0637606382369995, 1.1184827089309692, 1.0567392110824585, 1.0429209470748901, 0.9506210684776306, 0.937225878238678, 0.9463962912559509, 0.9961504936218262, 0.9956126809120178, 0.8903452157974243, 0.9168975353240967, 0.8785094618797302, 0.9196569323539734, 0.9114316701889038, 0.8866009712219238, 0.8633213043212891, 0.8643097877502441, 0.8625014424324036, 0.8853014707565308, 0.8604229688644409, 0.8608916997909546, 0.8264002799987793, 0.8541610240936279, 0.8405530452728271, 0.8095974922180176, 0.8659840822219849, 0.8459157347679138, 0.8480033278465271, 0.8197430372238159, 0.8033456206321716, 0.7898327112197876, 0.8842514753341675, 0.7999314665794373, 0.8698837757110596, 0.8592835664749146, 0.9764742255210876, 0.8085806369781494, 0.843498706817627, 0.949701189994812]}