{
  "image_type": "cifar10",
  "condition": "zero",
  "percent_kept": 0.75,
  "test_loss": 0.7792441844940186,
  "test_accuracy": 0.7351999878883362,
  "epochs_trained": 44,
  "best_val_accuracy": 0.7351999878883362
}