{"accuracy": [0.2506600022315979, 0.3711000084877014, 0.4337800145149231, 0.48438000679016113, 0.5176799893379211, 0.5520399808883667, 0.5750399827957153, 0.5866400003433228, 0.6048200130462646, 0.6216199994087219, 0.6251199841499329, 0.6340399980545044, 0.6462799906730652, 0.6535400152206421, 0.6549800038337708, 0.6613799929618835, 0.6702600121498108, 0.6741200089454651, 0.6762999892234802, 0.6817200183868408, 0.6858599781990051, 0.6897000074386597, 0.6934000253677368, 0.6944400072097778, 0.7023199796676636, 0.7020800113677979, 0.7055000066757202, 0.7081999778747559, 0.7059000134468079, 0.715399980545044, 0.7160800099372864, 0.7194399833679199, 0.7203999757766724, 0.7225599884986877, 0.7226600050926208, 0.7264999747276306, 0.726639986038208, 0.7252200245857239, 0.7319200038909912, 0.7321599721908569, 0.7307999730110168, 0.7344200015068054, 0.7362200021743774, 0.7346000075340271], "loss": [2.3018782138824463, 1.7490954399108887, 1.5708250999450684, 1.4471451044082642, 1.3517340421676636, 1.2723677158355713, 1.2058016061782837, 1.1702114343643188, 1.1221615076065063, 1.0825839042663574, 1.0715035200119019, 1.044669270515442, 1.0200966596603394, 0.9963199496269226, 0.9858208298683167, 0.9679098725318909, 0.9518395066261292, 0.9362503290176392, 0.9237464070320129, 0.9107587337493896, 0.9034247398376465, 0.8917149305343628, 0.8828421831130981, 0.8773753046989441, 0.8628088235855103, 0.8571219444274902, 0.8434483408927917, 0.8360854983329773, 0.838384211063385, 0.8253353238105774, 0.8202682733535767, 0.8131572604179382, 0.8078511953353882, 0.7969305515289307, 0.7984107136726379, 0.788051187992096, 0.7844610810279846, 0.7869488000869751, 0.772591769695282, 0.7701447010040283, 0.7712340354919434, 0.757825493812561, 0.7574901580810547, 0.7567881345748901], "val_accuracy": [0.12430000305175781, 0.4154999852180481, 0.4950000047683716, 0.512499988079071, 0.5758000016212463, 0.46070000529289246, 0.5781999826431274, 0.6098999977111816, 0.5684999823570251, 0.6531000137329102, 0.5992000102996826, 0.6675999760627747, 0.6897000074386597, 0.6331999897956848, 0.6610999703407288, 0.6791999936103821, 0.6976000070571899, 0.6650000214576721, 0.6754000186920166, 0.6929000020027161, 0.6959999799728394, 0.7161999940872192, 0.6761000156402588, 0.6794000267982483, 0.728600025177002, 0.6646000146865845, 0.7214000225067139, 0.7195000052452087, 0.6872000098228455, 0.722599983215332, 0.7163000106811523, 0.7035999894142151, 0.732200026512146, 0.6959999799728394, 0.7128999829292297, 0.7351999878883362, 0.7282999753952026, 0.6905999779701233, 0.7300999760627747, 0.7182000279426575, 0.696399986743927, 0.6998999714851379, 0.7179999947547913, 0.7087000012397766], "val_loss": [3.6899285316467285, 1.6447175741195679, 1.413820743560791, 1.4268649816513062, 1.231876254081726, 1.6792378425598145, 1.2365237474441528, 1.1114952564239502, 1.239668846130371, 0.9989513754844666, 1.1882927417755127, 0.9574000239372253, 0.8800086975097656, 1.0629419088363647, 0.9776507019996643, 0.9264945387840271, 0.8696720004081726, 0.97210294008255, 0.946376383304596, 0.9041564464569092, 0.8781304955482483, 0.8295279145240784, 0.9578663110733032, 0.9373598694801331, 0.7953742146492004, 1.003657341003418, 0.8163036108016968, 0.8084990382194519, 0.924515426158905, 0.8127192854881287, 0.826484739780426, 0.8495018482208252, 0.7850754857063293, 0.9018465876579285, 0.8408225774765015, 0.7792439460754395, 0.7818887233734131, 0.8995203971862793, 0.7897441387176514, 0.8296137452125549, 0.884461522102356, 0.86795574426651, 0.8478860259056091, 0.8512088656425476]}