{"accuracy": [0.3188599944114685, 0.4791199862957001, 0.565060019493103, 0.6147800087928772, 0.642300009727478, 0.6646999716758728, 0.6818600296974182, 0.6936200261116028, 0.7059199810028076, 0.7138599753379822, 0.7242599725723267, 0.7305600047111511, 0.7341799736022949, 0.7427999973297119, 0.7459400296211243, 0.752560019493103, 0.7559199929237366, 0.7606599926948547, 0.7630199790000916, 0.7707599997520447, 0.7719799876213074, 0.7716400027275085, 0.775879979133606, 0.7794399857521057, 0.7821000218391418, 0.784060001373291, 0.7857999801635742, 0.7881199717521667, 0.7908599972724915, 0.792739987373352, 0.7959399819374084, 0.7950400114059448, 0.7957000136375427, 0.7998200058937073, 0.7993999719619751, 0.8027200102806091], "loss": [2.1062023639678955, 1.4810559749603271, 1.2334792613983154, 1.1063072681427002, 1.0258710384368896, 0.9649400115013123, 0.914914071559906, 0.8793344497680664, 0.8464556336402893, 0.8222121000289917, 0.7977775931358337, 0.7775360345840454, 0.7670704126358032, 0.7481773495674133, 0.7290918231010437, 0.7171502113342285, 0.7059956789016724, 0.6921954154968262, 0.68241947889328, 0.6688544750213623, 0.6626521944999695, 0.6587093472480774, 0.6460734605789185, 0.6388319730758667, 0.6328136920928955, 0.6230893731117249, 0.6181294322013855, 0.6146072149276733, 0.6049933433532715, 0.5998867154121399, 0.589767575263977, 0.5857889652252197, 0.5867016315460205, 0.5797271132469177, 0.576682984828949, 0.5699413418769836], "val_accuracy": [0.1599999964237213, 0.5108000040054321, 0.5608000159263611, 0.6407999992370605, 0.6571999788284302, 0.6478999853134155, 0.7233999967575073, 0.7027000188827515, 0.7200000286102295, 0.7342000007629395, 0.7422999739646912, 0.7537000179290771, 0.7379000186920166, 0.7512999773025513, 0.7312999963760376, 0.7674000263214111, 0.7677000164985657, 0.7376000285148621, 0.7196999788284302, 0.7854999899864197, 0.7892000079154968, 0.7924000024795532, 0.7810999751091003, 0.7786999940872192, 0.7627000212669373, 0.7774999737739563, 0.7954000234603882, 0.8065000176429749, 0.8047999739646912, 0.7892000079154968, 0.776199996471405, 0.7903000116348267, 0.7876999974250793, 0.7918999791145325, 0.7944999933242798, 0.7925000190734863], "val_loss": [3.1611390113830566, 1.4759565591812134, 1.2967522144317627, 1.0974963903427124, 0.9825733304023743, 1.0524400472640991, 0.8143011927604675, 0.8887390494346619, 0.8666008710861206, 0.8059266209602356, 0.7652357816696167, 0.7461919188499451, 0.7653974890708923, 0.757928729057312, 0.8001759648323059, 0.7002332806587219, 0.6966007351875305, 0.7971199750900269, 0.8757390379905701, 0.6450487375259399, 0.645020604133606, 0.6154076457023621, 0.6528560519218445, 0.6691272258758545, 0.7276345491409302, 0.6802058219909668, 0.640723466873169, 0.578569233417511, 0.5816882848739624, 0.62529456615448, 0.6782615780830383, 0.6355791091918945, 0.6273643970489502, 0.6310334205627441, 0.6058797240257263, 0.609173595905304]}