{"accuracy": [0.41457998752593994, 0.5730400085449219, 0.619700014591217, 0.6510199904441833, 0.6754199862480164, 0.6967999935150146, 0.7085199952125549, 0.7237600088119507, 0.7343400120735168, 0.7405200004577637, 0.7554399967193604, 0.7639999985694885, 0.7717800140380859, 0.7792999744415283, 0.789680004119873, 0.7940999865531921, 0.7994199991226196, 0.8082399964332581, 0.8138999938964844, 0.8163400292396545, 0.8216800093650818, 0.8267599940299988, 0.8303400278091431, 0.8370199799537659, 0.8390799760818481, 0.8418200016021729, 0.8456000089645386, 0.8499799966812134, 0.8514999747276306, 0.8531399965286255, 0.8601999878883362], "loss": [1.7652796506881714, 1.2326279878616333, 1.0865684747695923, 1.0029127597808838, 0.9336824417114258, 0.8750036954879761, 0.8338453769683838, 0.7934545874595642, 0.7615038156509399, 0.7371270060539246, 0.6975467205047607, 0.6766096949577332, 0.650424599647522, 0.6286059617996216, 0.602964460849762, 0.5893078446388245, 0.5659903287887573, 0.5466751456260681, 0.5315072536468506, 0.5182910561561584, 0.5017189383506775, 0.484262079000473, 0.4770984649658203, 0.4638388752937317, 0.4534073770046234, 0.44659098982810974, 0.433067262172699, 0.42310768365859985, 0.41840773820877075, 0.41022199392318726, 0.39725300669670105], "val_accuracy": [0.16419999301433563, 0.5684000253677368, 0.6557000279426575, 0.6388999819755554, 0.6733999848365784, 0.6983000040054321, 0.6700999736785889, 0.6847000122070312, 0.7286999821662903, 0.7405999898910522, 0.7426999807357788, 0.7343000173568726, 0.7319999933242798, 0.7002000212669373, 0.7443000078201294, 0.7360000014305115, 0.7480000257492065, 0.7603999972343445, 0.7555000185966492, 0.7520999908447266, 0.7620000243186951, 0.7598000168800354, 0.7735999822616577, 0.7569000124931335, 0.7738000154495239, 0.7648000121116638, 0.7644000053405762, 0.7627999782562256, 0.751800000667572, 0.7718999981880188, 0.7699999809265137], "val_loss": [3.7692012786865234, 1.2321101427078247, 0.9906308650970459, 1.0534719228744507, 0.9428982138633728, 0.8531819581985474, 0.9712850451469421, 0.9099119901657104, 0.7906023263931274, 0.7560475468635559, 0.7534476518630981, 0.7726889252662659, 0.7811169624328613, 0.9150864481925964, 0.7485811114311218, 0.8256381154060364, 0.7378977537155151, 0.7106975317001343, 0.7453490495681763, 0.7832702994346619, 0.7193312644958496, 0.7726360559463501, 0.6997079849243164, 0.7387653589248657, 0.6938988566398621, 0.7352921962738037, 0.7076360583305359, 0.7458735108375549, 0.7569582462310791, 0.7199429869651794, 0.7264969944953918]}