{
  "image_type": "cifar10",
  "condition": "noise",
  "percent_kept": 0.75,
  "test_loss": 0.7898328900337219,
  "test_accuracy": 0.7261000275611877,
  "epochs_trained": 52,
  "best_val_accuracy": 0.7261000275611877
}