{"accuracy": [0.21417999267578125, 0.28696000576019287, 0.3212999999523163, 0.34665998816490173, 0.36517998576164246, 0.3840399980545044, 0.4000200033187866, 0.41374000906944275, 0.42396000027656555, 0.43417999148368835, 0.44086000323295593, 0.45274001359939575, 0.46050000190734863, 0.46654000878334045, 0.4744200110435486, 0.47821998596191406, 0.48339998722076416, 0.48881998658180237, 0.49366000294685364, 0.4963400065898895, 0.5019000172615051, 0.504800021648407, 0.5092800259590149, 0.5143799781799316, 0.516759991645813, 0.5166199803352356, 0.5204200148582458, 0.5256999731063843, 0.5270199775695801, 0.5329999923706055, 0.5329200029373169, 0.5354800224304199, 0.5367400050163269, 0.5373600125312805, 0.5405399799346924], "loss": [2.4190728664398193, 1.9856692552566528, 1.879263162612915, 1.8177002668380737, 1.759917140007019, 1.7131836414337158, 1.6737139225006104, 1.6380763053894043, 1.61317777633667, 1.583389163017273, 1.5631624460220337, 1.5431084632873535, 1.522916555404663, 1.5011394023895264, 1.4862626791000366, 1.4699735641479492, 1.4569202661514282, 1.4436479806900024, 1.4322831630706787, 1.4233721494674683, 1.408717155456543, 1.398252010345459, 1.385357141494751, 1.3740803003311157, 1.3760545253753662, 1.3642951250076294, 1.355849027633667, 1.3461133241653442, 1.3357881307601929, 1.3245179653167725, 1.328338384628296, 1.3143435716629028, 1.3097738027572632, 1.3057427406311035, 1.301275372505188], "val_accuracy": [0.11829999834299088, 0.32519999146461487, 0.3037000000476837, 0.39750000834465027, 0.3668999969959259, 0.3864000141620636, 0.4059000015258789, 0.45249998569488525, 0.45350000262260437, 0.4715000092983246, 0.33719998598098755, 0.48559999465942383, 0.4537999927997589, 0.5231999754905701, 0.4950999915599823, 0.46619999408721924, 0.5044999718666077, 0.5145999789237976, 0.4779999852180481, 0.5167999863624573, 0.5514000058174133, 0.5419999957084656, 0.5300999879837036, 0.5580999851226807, 0.5670999884605408, 0.5428000092506409, 0.5806999802589417, 0.5735999941825867, 0.5598000288009644, 0.5555999875068665, 0.5723000168800354, 0.5809999704360962, 0.5741000175476074, 0.5446000099182129, 0.5672000050544739], "val_loss": [3.4578983783721924, 1.8698810338974, 1.9346587657928467, 1.6964945793151855, 1.7826918363571167, 1.72969651222229, 1.6947400569915771, 1.5338947772979736, 1.5522289276123047, 1.491546630859375, 2.0173230171203613, 1.442423939704895, 1.5453635454177856, 1.3558400869369507, 1.3852713108062744, 1.5358459949493408, 1.4199657440185547, 1.3741822242736816, 1.4841850996017456, 1.370739459991455, 1.2590242624282837, 1.305462121963501, 1.332472562789917, 1.245996117591858, 1.2204614877700806, 1.2979182004928589, 1.1868757009506226, 1.204117774963379, 1.24686861038208, 1.2530603408813477, 1.2117905616760254, 1.1942129135131836, 1.226507306098938, 1.3000140190124512, 1.2159156799316406]}