{"accuracy": [0.39239999651908875, 0.5472400188446045, 0.5999199748039246, 0.6332600116729736, 0.6576799750328064, 0.6762199997901917, 0.6932399868965149, 0.7050600051879883, 0.7186400294303894, 0.7282000184059143, 0.7373200058937073, 0.7497000098228455, 0.7540799975395203, 0.7658600211143494, 0.7731000185012817, 0.7792999744415283], "loss": [1.8160797357559204, 1.291195273399353, 1.1494858264923096, 1.0478003025054932, 0.9802314043045044, 0.925502359867096, 0.8766483664512634, 0.8448273539543152, 0.8083908557891846, 0.7789169549942017, 0.7489000558853149, 0.7179862260818481, 0.6949345469474792, 0.6685383319854736, 0.6482990384101868, 0.6264337301254272], "val_accuracy": [0.15219999849796295, 0.4821000099182129, 0.6150000095367432, 0.6352999806404114, 0.6732000112533569, 0.5498999953269958, 0.6848000288009644, 0.6995000243186951, 0.6901000142097473, 0.7325999736785889, 0.7279999852180481, 0.6995999813079834, 0.7322999835014343, 0.7113999724388123, 0.7336999773979187, 0.7260000109672546], "val_loss": [3.902022361755371, 1.5683186054229736, 1.0999363660812378, 1.0365647077560425, 0.9307252168655396, 1.3670434951782227, 0.905587911605835, 0.8691767454147339, 0.8984638452529907, 0.7769776582717896, 0.7824673056602478, 0.8648278117179871, 0.7788397669792175, 0.8238703012466431, 0.7791426181793213, 0.8213586807250977]}