{"accuracy": [0.2082200050354004, 0.2985000014305115, 0.35030001401901245, 0.3852800130844116, 0.4139600098133087, 0.43456000089645386, 0.456820011138916, 0.4731599986553192, 0.4905799925327301, 0.5000399947166443, 0.5176200270652771, 0.5264599919319153, 0.5354400277137756, 0.5430399775505066, 0.5537599921226501, 0.5583400130271912, 0.5652599930763245, 0.5709599852561951, 0.5729799866676331, 0.5803599953651428, 0.5873600244522095, 0.5907800197601318, 0.5942400097846985, 0.5934200286865234, 0.6010599732398987, 0.6054199934005737, 0.6056200265884399, 0.6102799773216248, 0.6152200102806091, 0.6171799898147583, 0.6168799996376038, 0.618340015411377, 0.622979998588562, 0.6225799918174744, 0.6254199743270874, 0.6272000074386597, 0.6303399801254272, 0.6313199996948242, 0.6353399753570557, 0.6332600116729736, 0.634119987487793, 0.6399000287055969, 0.6414200067520142, 0.6449999809265137, 0.6436200141906738], "loss": [2.4531455039978027, 1.9557439088821411, 1.798076868057251, 1.7078787088394165, 1.633681297302246, 1.5824837684631348, 1.529482364654541, 1.483184814453125, 1.442590355873108, 1.406396746635437, 1.3737962245941162, 1.3454033136367798, 1.3171632289886475, 1.300675392150879, 1.272909164428711, 1.2575910091400146, 1.2442973852157593, 1.2289403676986694, 1.2149549722671509, 1.1970770359039307, 1.1844731569290161, 1.1722815036773682, 1.1647013425827026, 1.1588960886001587, 1.1479058265686035, 1.1364463567733765, 1.1252361536026, 1.1219444274902344, 1.108418583869934, 1.0990639925003052, 1.0992765426635742, 1.0894430875778198, 1.086457371711731, 1.07767915725708, 1.0708253383636475, 1.069917917251587, 1.060106635093689, 1.0561572313308716, 1.0463874340057373, 1.048300862312317, 1.0429123640060425, 1.0352848768234253, 1.0324910879135132, 1.0214563608169556, 1.0259466171264648], "val_accuracy": [0.10700000077486038, 0.32170000672340393, 0.35749998688697815, 0.42100000381469727, 0.4018000066280365, 0.4731000065803528, 0.43959999084472656, 0.47510001063346863, 0.5056999921798706, 0.46950000524520874, 0.49799999594688416, 0.4634000062942505, 0.46860000491142273, 0.4846999943256378, 0.5831000208854675, 0.5601000189781189, 0.5151000022888184, 0.5924000144004822, 0.5734999775886536, 0.5009999871253967, 0.5620999932289124, 0.5737000107765198, 0.5099999904632568, 0.5666999816894531, 0.6201000213623047, 0.5654000043869019, 0.5929999947547913, 0.5921000242233276, 0.5835999846458435, 0.6241999864578247, 0.603600025177002, 0.6341999769210815, 0.6019999980926514, 0.6385999917984009, 0.6033999919891357, 0.6292999982833862, 0.6589999794960022, 0.6087999939918518, 0.6353999972343445, 0.5928999781608582, 0.6499999761581421, 0.6233000159263611, 0.6128000020980835, 0.6345000267028809, 0.6502000093460083], "val_loss": [4.142564296722412, 1.8808767795562744, 1.8202298879623413, 1.61163330078125, 1.7078230381011963, 1.4846086502075195, 1.5979924201965332, 1.4720901250839233, 1.3918895721435547, 1.4963306188583374, 1.4219117164611816, 1.5091437101364136, 1.5795259475708008, 1.4640306234359741, 1.1988846063613892, 1.244781494140625, 1.3996506929397583, 1.1810050010681152, 1.2255897521972656, 1.4658855199813843, 1.2723898887634277, 1.2273180484771729, 1.4684500694274902, 1.2630892992019653, 1.0973143577575684, 1.2756398916244507, 1.1667819023132324, 1.1935449838638306, 1.2236125469207764, 1.0826255083084106, 1.1290391683578491, 1.0536694526672363, 1.1583080291748047, 1.0520211458206177, 1.1593321561813354, 1.0628787279129028, 0.9853169918060303, 1.123685598373413, 1.0574748516082764, 1.192194938659668, 1.0184863805770874, 1.0787118673324585, 1.128132939338684, 1.0584255456924438, 1.0212675333023071]}