{"accuracy": [0.3271999955177307, 0.4887399971485138, 0.5606799721717834, 0.6092000007629395, 0.6385999917984009, 0.6586400270462036, 0.6776599884033203, 0.6907399892807007, 0.6988999843597412, 0.71288001537323, 0.7209200263023376, 0.7267799973487854, 0.7348399758338928, 0.7414799928665161, 0.7444999814033508, 0.7526199817657471, 0.7571600079536438, 0.7582399845123291, 0.7652599811553955, 0.7659400105476379, 0.7712399959564209, 0.7727599740028381, 0.7752000093460083, 0.7799599766731262, 0.7800599932670593, 0.7832599878311157, 0.7869799733161926, 0.7877399921417236, 0.7908599972724915, 0.7934200167655945, 0.7894200086593628, 0.7982400059700012, 0.7979199886322021, 0.7975599765777588, 0.8001199960708618, 0.8002600073814392], "loss": [2.0635783672332764, 1.4495043754577637, 1.245270848274231, 1.1133339405059814, 1.0282319784164429, 0.9744037389755249, 0.9263972640037537, 0.8902556896209717, 0.8572708368301392, 0.8288750052452087, 0.8049799799919128, 0.7860921621322632, 0.7658305764198303, 0.7489144802093506, 0.7364936470985413, 0.7186338901519775, 0.7063581347465515, 0.6957617998123169, 0.689385712146759, 0.673416018486023, 0.6658573150634766, 0.6559078097343445, 0.6468695998191833, 0.6355528235435486, 0.6348448991775513, 0.6322512626647949, 0.6195522546768188, 0.6127438545227051, 0.6059618592262268, 0.598337709903717, 0.6008198857307434, 0.5874208807945251, 0.5824512243270874, 0.5840786695480347, 0.5756884217262268, 0.5750450491905212], "val_accuracy": [0.1574999988079071, 0.5457000136375427, 0.5982000231742859, 0.6294000148773193, 0.6406999826431274, 0.690500020980835, 0.6973999738693237, 0.715499997138977, 0.73580002784729, 0.7271999716758728, 0.7563999891281128, 0.7182999849319458, 0.7684999704360962, 0.7335000038146973, 0.7354999780654907, 0.7724000215530396, 0.7681999802589417, 0.7350999712944031, 0.7576000094413757, 0.7623999714851379, 0.7734000086784363, 0.782800018787384, 0.7882999777793884, 0.7738999724388123, 0.7888000011444092, 0.7975000143051147, 0.7900999784469604, 0.8102999925613403, 0.7788000106811523, 0.8080999851226807, 0.809499979019165, 0.8075000047683716, 0.8033999800682068, 0.7955999970436096, 0.8029000163078308, 0.7741000056266785], "val_loss": [3.4242920875549316, 1.3215012550354004, 1.1872214078903198, 1.0767182111740112, 1.048869013786316, 0.9217515587806702, 0.9049427509307861, 0.8400320410728455, 0.7712244391441345, 0.8093754649162292, 0.7101279497146606, 0.8495457768440247, 0.6776016354560852, 0.7929139137268066, 0.8118194341659546, 0.6671903729438782, 0.6663069128990173, 0.8116349577903748, 0.7062516808509827, 0.7088320851325989, 0.6643881797790527, 0.6389831304550171, 0.6275987029075623, 0.683026909828186, 0.6281397938728333, 0.5916850566864014, 0.6091598868370056, 0.553840160369873, 0.6739287376403809, 0.5657066702842712, 0.5661660432815552, 0.5848779082298279, 0.5843256115913391, 0.6109474897384644, 0.5877944827079773, 0.6806011199951172]}