{"accuracy": [0.43584001064300537, 0.6031200289726257, 0.6550400257110596, 0.6886799931526184, 0.7096999883651733, 0.7311400175094604, 0.748199999332428, 0.763700008392334, 0.7718200087547302, 0.7821000218391418, 0.7911999821662903, 0.8011800050735474, 0.8081799745559692, 0.8164799809455872, 0.8256199955940247, 0.8306599855422974, 0.8366400003433228, 0.8417400121688843, 0.8471199870109558, 0.8501399755477905, 0.85725998878479, 0.8639600276947021, 0.8661400079727173, 0.8695600032806396], "loss": [1.707463264465332, 1.1417871713638306, 0.9891650676727295, 0.8901016116142273, 0.8273695111274719, 0.7711316347122192, 0.7229891419410706, 0.6830166578292847, 0.6514270901679993, 0.6211875677108765, 0.5924389958381653, 0.5683894753456116, 0.54526287317276, 0.5191897749900818, 0.4947298765182495, 0.4783182740211487, 0.4606102406978607, 0.44571438431739807, 0.4297977089881897, 0.4217549264431, 0.40371987223625183, 0.3884470760822296, 0.37759920954704285, 0.3691689372062683], "val_accuracy": [0.11559999734163284, 0.628000020980835, 0.6495000123977661, 0.7229999899864197, 0.7105000019073486, 0.738099992275238, 0.7278000116348267, 0.7386999726295471, 0.7405999898910522, 0.7519999742507935, 0.7297000288963318, 0.758899986743927, 0.7563999891281128, 0.7656000256538391, 0.7754999995231628, 0.777899980545044, 0.7692999839782715, 0.7900000214576721, 0.7829999923706055, 0.7749000191688538, 0.7542999982833862, 0.7818999886512756, 0.794700026512146, 0.7770000100135803], "val_loss": [5.716434478759766, 1.0774544477462769, 1.0028436183929443, 0.798039972782135, 0.8223029375076294, 0.7605577707290649, 0.8114224076271057, 0.7804221510887146, 0.772223949432373, 0.7507811784744263, 0.8388627171516418, 0.7349277138710022, 0.7234705686569214, 0.7018876075744629, 0.692398190498352, 0.6777259707450867, 0.7036846280097961, 0.6321294903755188, 0.6749309301376343, 0.7042927742004395, 0.8055891990661621, 0.6918631196022034, 0.6782195568084717, 0.7238433361053467]}