{"accuracy": [0.2539704740047455, 0.32975760102272034, 0.36138200759887695, 0.3870158791542053, 0.4147394895553589, 0.4250487685203552, 0.4237949252128601, 0.4286709427833557, 0.4442741572856903, 0.4366118609905243, 0.4345221519470215, 0.4512399137020111, 0.45597660541534424, 0.45597660541534424, 0.4577876925468445, 0.2369740903377533, 0.29144608974456787, 0.32418501377105713, 0.35525214672088623, 0.37057676911354065, 0.3856227397918701, 0.4013652801513672, 0.4132070243358612, 0.4352187216281891], "loss": [2.1174545288085938, 1.8181512355804443, 1.7136456966400146, 1.6254850625991821, 1.5609307289123535, 1.529634714126587, 1.523393988609314, 1.5004594326019287, 1.4642359018325806, 1.4773859977722168, 1.4760456085205078, 1.4523046016693115, 1.4428616762161255, 1.4261797666549683, 1.4274532794952393, 2.286503791809082, 2.067227840423584, 1.9174991846084595, 1.8333719968795776, 1.7782808542251587, 1.7220722436904907, 1.6564080715179443, 1.6245167255401611, 1.5615612268447876], "val_accuracy": [0.3498607277870178, 0.380501389503479, 0.403342604637146, 0.4295264482498169, 0.4211699068546295, 0.4434540271759033, 0.43064066767692566, 0.447910875082016, 0.43899720907211304, 0.44902506470680237, 0.4467966556549072, 0.4551531970500946, 0.44623956084251404, 0.4434540271759033, 0.4412256181240082, 0.4451253414154053, 0.4445682466030121, 0.43509748578071594, 0.4317548871040344, 0.4245125353336334, 0.4055710434913635, 0.40501391887664795, 0.4022284150123596, 0.40167132019996643], "val_loss": [1.6868093013763428, 1.6037580966949463, 1.5455434322357178, 1.500179409980774, 1.4962518215179443, 1.4966272115707397, 1.4950567483901978, 1.445954442024231, 1.4715954065322876, 1.4460902214050293, 1.463357925415039, 1.4427986145019531, 1.427177906036377, 1.4438837766647339, 1.4443434476852417, 1.4324839115142822, 1.4560034275054932, 1.4842952489852905, 1.5189838409423828, 1.5470513105392456, 1.5810848474502563, 1.5956108570098877, 1.6098839044570923, 1.632179617881775]}