{
  "image_type": "fer2013_hf",
  "condition": "original",
  "percent_kept": 0.75,
  "test_loss": 1.1676257848739624,
  "test_accuracy": 0.5498607158660889,
  "epochs_trained": 60,
  "best_val_accuracy": 0.5571030378341675
}