{"accuracy": [0.22401782870292664, 0.2609362006187439, 0.2798829674720764, 0.31067150831222534, 0.3179158568382263, 0.31777653098106384, 0.3166620135307312, 0.3257174789905548, 0.3292003273963928, 0.34382835030555725, 0.3322652578353882, 0.34856507182121277, 0.35079410672187805, 0.3633323907852173, 0.3573418855667114, 0.2095291167497635, 0.21914182603359222, 0.23655614256858826, 0.25982168316841125, 0.2750069797039032, 0.2913067638874054, 0.2911674678325653, 0.3025912642478943, 0.30356645584106445], "loss": [2.1841094493865967, 1.973703384399414, 1.8680593967437744, 1.7971805334091187, 1.7488006353378296, 1.7555665969848633, 1.717727541923523, 1.7128652334213257, 1.6917500495910645, 1.6783113479614258, 1.6859769821166992, 1.6456050872802734, 1.6533889770507812, 1.630476474761963, 1.646555781364441, 2.5563371181488037, 2.3868331909179688, 2.2501296997070312, 2.1229443550109863, 2.0596303939819336, 1.9903990030288696, 1.9538629055023193, 1.9152249097824097, 1.8946360349655151], "val_accuracy": [0.2685236632823944, 0.31142061948776245, 0.32701951265335083, 0.3247910737991333, 0.34150418639183044, 0.3392757773399353, 0.3325905203819275, 0.3236768841743469, 0.3431755006313324, 0.34818941354751587, 0.35320335626602173, 0.32256266474723816, 0.3509749174118042, 0.3660167157649994, 0.3582172691822052, 0.3459610044956207, 0.3359331488609314, 0.33314764499664307, 0.3214484751224518, 0.31532034277915955, 0.3181058466434479, 0.3025069534778595, 0.2958217263221741, 0.29359331727027893], "val_loss": [1.8665803670883179, 1.7569035291671753, 1.7410186529159546, 1.7166801691055298, 1.6886011362075806, 1.7177690267562866, 1.7264103889465332, 1.6680684089660645, 1.687984824180603, 1.650150179862976, 1.654302716255188, 1.662806749343872, 1.6418052911758423, 1.6477632522583008, 1.6532702445983887, 1.6611918210983276, 1.6988821029663086, 1.7247940301895142, 1.7487249374389648, 1.7664971351623535, 1.7792603969573975, 1.781874656677246, 1.794754981994629, 1.799320936203003]}