{"accuracy": [0.20228475332260132, 0.23307327926158905, 0.24867650866508484, 0.2543884217739105, 0.26400110125541687, 0.28113681077957153, 0.2889384329319, 0.27681806683540344, 0.2968793511390686, 0.29715797305107117, 0.2982724905014038, 0.3066313862800598, 0.2913067638874054, 0.2974366247653961, 0.303427129983902, 0.1883533000946045, 0.1994984745979309, 0.20507104694843292, 0.21203677356243134, 0.22318194806575775, 0.22805795073509216, 0.2404569536447525, 0.24644747376441956, 0.25647813081741333], "loss": [2.2119967937469482, 2.005098342895508, 1.922366976737976, 1.878862977027893, 1.8268541097640991, 1.811637043952942, 1.7646526098251343, 1.7784128189086914, 1.7561109066009521, 1.7504805326461792, 1.7401421070098877, 1.727346658706665, 1.7351713180541992, 1.7390738725662231, 1.7182869911193848, 2.545344352722168, 2.3466925621032715, 2.2536396980285645, 2.185103416442871, 2.1189804077148438, 2.0717053413391113, 2.0153491497039795, 1.98126220703125, 1.95614492893219], "val_accuracy": [0.2607242465019226, 0.2679665684700012, 0.2980501353740692, 0.28133705258369446, 0.28077995777130127, 0.2986072301864624, 0.28913649916648865, 0.2941504120826721, 0.31532034277915955, 0.3103064000606537, 0.2941504120826721, 0.2802228331565857, 0.30362117290496826, 0.3030640780925751, 0.27409470081329346, 0.2980501353740692, 0.2908078134059906, 0.2869080901145935, 0.28913649916648865, 0.291922003030777, 0.284679651260376, 0.27855151891708374, 0.2729805111885071, 0.2763231098651886], "val_loss": [1.8531066179275513, 1.8037053346633911, 1.769056797027588, 1.7624303102493286, 1.8327085971832275, 1.7434959411621094, 1.749132752418518, 1.7582967281341553, 1.7447690963745117, 1.726580023765564, 1.7426371574401855, 1.769335389137268, 1.7605310678482056, 1.740689992904663, 1.755745530128479, 1.7516943216323853, 1.777765154838562, 1.7875157594680786, 1.7914479970932007, 1.8028894662857056, 1.8099627494812012, 1.8257920742034912, 1.8292490243911743, 1.832726001739502]}