{"accuracy": [0.26971301436424255, 0.349958211183548, 0.3879910707473755, 0.3992755711078644, 0.4105600416660309, 0.41585400700569153, 0.4180830419063568, 0.43619391322135925, 0.44329896569252014, 0.4356366693973541, 0.43633323907852173, 0.4399554133415222, 0.45597660541534424, 0.4540261924266815, 0.44399553537368774, 0.23516300320625305, 0.28183338046073914, 0.32195597887039185, 0.35149067640304565, 0.37545278668403625, 0.3829757571220398, 0.392727792263031, 0.40791305899620056, 0.4239342510700226], "loss": [2.0764286518096924, 1.7863320112228394, 1.6621568202972412, 1.5896856784820557, 1.5729578733444214, 1.5529215335845947, 1.5250577926635742, 1.4820442199707031, 1.4859323501586914, 1.466738224029541, 1.4700775146484375, 1.4650449752807617, 1.4359362125396729, 1.4183003902435303, 1.4487700462341309, 2.237860918045044, 2.0475525856018066, 1.9327844381332397, 1.8551653623580933, 1.7471809387207031, 1.7371050119400024, 1.6908066272735596, 1.6075289249420166, 1.5862486362457275], "val_accuracy": [0.3760445713996887, 0.4100278615951538, 0.42785516381263733, 0.42674094438552856, 0.4261838495731354, 0.4317548871040344, 0.43899720907211304, 0.447910875082016, 0.447910875082016, 0.43119776248931885, 0.44568246603012085, 0.4590529203414917, 0.44958215951919556, 0.45738160610198975, 0.4584958255290985, 0.4284122586250305, 0.4211699068546295, 0.42061281204223633, 0.41169917583465576, 0.4072423279285431, 0.4022284150123596, 0.40111419558525085, 0.40167132019996643, 0.3949860632419586], "val_loss": [1.6407617330551147, 1.5504090785980225, 1.5138379335403442, 1.4944467544555664, 1.4973857402801514, 1.465075969696045, 1.4563192129135132, 1.4286830425262451, 1.4621566534042358, 1.468420147895813, 1.4372870922088623, 1.4195657968521118, 1.4157012701034546, 1.419084072113037, 1.430347204208374, 1.455940842628479, 1.4867621660232544, 1.5179857015609741, 1.5478026866912842, 1.6044007539749146, 1.6173927783966064, 1.6328353881835938, 1.6479392051696777, 1.6649802923202515]}