{
  "image_type": "fer2013_hf",
  "condition": "original",
  "percent_kept": 0.75,
  "test_loss": 1.398131251335144,
  "test_accuracy": 0.46128132939338684,
  "epochs_trained": 24,
  "best_val_accuracy": 0.4551531970500946
}