{"accuracy": [0.1650877743959427, 0.1869601607322693, 0.20298133790493011, 0.20966842770576477, 0.21551963686943054, 0.21147951483726501, 0.2242964655160904, 0.2348843663930893, 0.23683477938175201, 0.23780997097492218, 0.23920312523841858, 0.23683477938175201, 0.24784062802791595, 0.24380050599575043, 0.253831148147583, 0.2524380087852478], "loss": [2.7982900142669678, 2.3071491718292236, 2.107187032699585, 2.0380284786224365, 1.9984753131866455, 1.9532685279846191, 1.9105663299560547, 1.8812530040740967, 1.8821907043457031, 1.843271255493164, 1.8409699201583862, 1.8402671813964844, 1.8280502557754517, 1.8421496152877808, 1.8121824264526367, 1.814273715019226], "val_accuracy": [0.21392758190631866, 0.26016712188720703, 0.26016712188720703, 0.21392758190631866, 0.2050139307975769, 0.26016712188720703, 0.25961002707481384, 0.26629525423049927, 0.24066852033138275, 0.25571030378341675, 0.14428968727588654, 0.1420612782239914, 0.14317548274993896, 0.14261838793754578, 0.14317548274993896, 0.14261838793754578], "val_loss": [1.8588365316390991, 2.0684823989868164, 1.8444465398788452, 1.9016958475112915, 1.9187837839126587, 1.864505410194397, 1.828039526939392, 1.7831270694732666, 1.8427658081054688, 1.9684154987335205, 2.41660213470459, 2.5624308586120605, 3.020876169204712, 3.4787490367889404, 3.9678075313568115, 4.955979824066162]}