{"accuracy": [0.18932850658893585, 0.21802730858325958, 0.23530231416225433, 0.2433825582265854, 0.27263861894607544, 0.27681806683540344, 0.2886597812175751, 0.31401506066322327, 0.3280858099460602, 0.3478684723377228, 0.3609640598297119, 0.37768179178237915, 0.3736416697502136, 0.3879910707473755, 0.3928670883178711, 0.40150460600852966, 0.381303995847702, 0.3963499665260315, 0.4175257682800293, 0.41989412903785706, 0.42059069871902466, 0.42281973361968994, 0.42560601234436035, 0.4293675124645233, 0.4335469603538513, 0.4421844482421875, 0.43981611728668213, 0.43981611728668213, 0.4550013840198517, 0.4520757794380188, 0.46433547139167786, 0.4704653024673462, 0.4682362675666809, 0.47701308131217957, 0.46851491928100586, 0.480913907289505, 0.48063528537750244, 0.488158255815506, 0.485093355178833, 0.48760101199150085, 0.4901086688041687, 0.5011144876480103, 0.5005572438240051, 0.49763163924217224, 0.5039008259773254, 0.5027862787246704, 0.4937308430671692, 0.5055725574493408, 0.4998606741428375, 0.5034828782081604, 0.5123990178108215, 0.5011144876480103, 0.5186681747436523, 0.5025076866149902, 0.5112844705581665, 0.5245193839073181, 0.5022290349006653, 0.5023683309555054, 0.515603244304657, 0.5190861225128174], "loss": [2.7522876262664795, 2.333155870437622, 2.0954270362854004, 1.9810363054275513, 1.9048035144805908, 1.858626127243042, 1.81154203414917, 1.7476966381072998, 1.7196863889694214, 1.676185131072998, 1.655189871788025, 1.6221272945404053, 1.6171462535858154, 1.5886154174804688, 1.5657981634140015, 1.5564748048782349, 1.5859652757644653, 1.5450365543365479, 1.5160014629364014, 1.5111123323440552, 1.498163104057312, 1.4981675148010254, 1.4766672849655151, 1.463172435760498, 1.4541648626327515, 1.4483840465545654, 1.4506893157958984, 1.4188107252120972, 1.415781855583191, 1.4092906713485718, 1.4119802713394165, 1.3844053745269775, 1.382576823234558, 1.371485710144043, 1.3769774436950684, 1.3583298921585083, 1.352710485458374, 1.356082797050476, 1.3336671590805054, 1.340171456336975, 1.325501799583435, 1.3198599815368652, 1.3115713596343994, 1.312139630317688, 1.306335210800171, 1.2945111989974976, 1.3271788358688354, 1.3021763563156128, 1.3017709255218506, 1.295119285583496, 1.2899425029754639, 1.285780668258667, 1.271882176399231, 1.2968672513961792, 1.292752742767334, 1.2545855045318604, 1.298738956451416, 1.3085030317306519, 1.2655011415481567, 1.2674953937530518], "val_accuracy": [0.26016712188720703, 0.26016712188720703, 0.14261838793754578, 0.25961002707481384, 0.2623955309391022, 0.2791086435317993, 0.1682451218366623, 0.2869080901145935, 0.3181058466434479, 0.31197771430015564, 0.38662952184677124, 0.3888579308986664, 0.3888579308986664, 0.4189414978027344, 0.4072423279285431, 0.42339831590652466, 0.42284122109413147, 0.4367688000202179, 0.4545961022377014, 0.440668523311615, 0.4295264482498169, 0.41281336545944214, 0.43008357286453247, 0.47520890831947327, 0.4323119819164276, 0.4668523669242859, 0.46796658635139465, 0.4924791157245636, 0.47186630964279175, 0.4807799458503723, 0.5019498467445374, 0.49415042996406555, 0.5169916152954102, 0.4969359338283539, 0.5097492933273315, 0.44568246603012085, 0.5080779790878296, 0.49025070667266846, 0.4930362105369568, 0.5197771787643433, 0.5086351037025452, 0.5225626826286316, 0.47910863161087036, 0.5370473265647888, 0.5253481864929199, 0.5208913683891296, 0.5247910618782043, 0.5231197476387024, 0.5036211609840393, 0.5376044511795044, 0.5097492933273315, 0.49860724806785583, 0.5208913683891296, 0.5376044511795044, 0.5509749054908752, 0.5270195007324219, 0.544846773147583, 0.5537604689598083, 0.5353760719299316, 0.5571030378341675], "val_loss": [1.8948765993118286, 1.9466239213943481, 1.9162317514419556, 1.9005295038223267, 1.9377930164337158, 1.9142459630966187, 1.9287562370300293, 1.7566581964492798, 1.7631127834320068, 1.778605580329895, 1.5975714921951294, 1.5613425970077515, 1.6068902015686035, 1.5053006410598755, 1.5952330827713013, 1.4873822927474976, 1.5206429958343506, 1.47109854221344, 1.4206594228744507, 1.4682154655456543, 1.4998350143432617, 1.5003551244735718, 1.4735698699951172, 1.3990932703018188, 1.4803606271743774, 1.3955016136169434, 1.4047211408615112, 1.3634414672851562, 1.3996633291244507, 1.3674817085266113, 1.322070837020874, 1.3190432786941528, 1.3198639154434204, 1.3390302658081055, 1.3012633323669434, 1.4614317417144775, 1.3017979860305786, 1.3854255676269531, 1.3026031255722046, 1.2684801816940308, 1.3157416582107544, 1.2650989294052124, 1.360133409500122, 1.2405134439468384, 1.2591825723648071, 1.2607429027557373, 1.265697717666626, 1.2574354410171509, 1.3562214374542236, 1.218408226966858, 1.2835440635681152, 1.3296334743499756, 1.2390780448913574, 1.2320157289505005, 1.2022274732589722, 1.249133586883545, 1.2329610586166382, 1.240735411643982, 1.2198594808578491, 1.2178856134414673]}