{"accuracy": [0.20200613141059875, 0.23307327926158905, 0.24658679962158203, 0.2666480839252472, 0.2793257236480713, 0.2798829674720764, 0.2878239154815674, 0.2954862117767334, 0.3094176650047302, 0.30300918221473694, 0.3095569908618927, 0.311089426279068, 0.3244636356830597, 0.3180551826953888, 0.3158261477947235, 0.1650877743959427, 0.18110893666744232, 0.19434383511543274, 0.2093898057937622, 0.2263861745595932, 0.24491502344608307, 0.2596823573112488, 0.26748397946357727, 0.29033157229423523], "loss": [2.15450382232666, 1.9651739597320557, 1.8949953317642212, 1.8354443311691284, 1.7942806482315063, 1.7862085103988647, 1.757130742073059, 1.7531569004058838, 1.7272086143493652, 1.7240017652511597, 1.7298601865768433, 1.71354079246521, 1.6997408866882324, 1.7073261737823486, 1.7088313102722168, 3.2300212383270264, 2.858350992202759, 2.6023788452148438, 2.4209136962890625, 2.2957239151000977, 2.182785987854004, 2.0646278858184814, 2.0189030170440674, 1.9325428009033203], "val_accuracy": [0.25125348567962646, 0.291922003030777, 0.2913649082183838, 0.3052924871444702, 0.30027854442596436, 0.284679651260376, 0.2952646315097809, 0.3091922104358673, 0.299164354801178, 0.327576607465744, 0.31253480911254883, 0.284679651260376, 0.32980501651763916, 0.30807799100875854, 0.3130919337272644, 0.3214484751224518, 0.2980501353740692, 0.29972144961357117, 0.28523677587509155, 0.2802228331565857, 0.26908078789711, 0.2623955309391022, 0.2623955309391022, 0.2501392662525177], "val_loss": [1.8152568340301514, 1.7649164199829102, 1.7645037174224854, 1.7404236793518066, 1.7712740898132324, 1.7910603284835815, 1.7953789234161377, 1.7304986715316772, 1.7357330322265625, 1.7040082216262817, 1.707640290260315, 1.753300428390503, 1.7001080513000488, 1.712492823600769, 1.7204093933105469, 1.7306628227233887, 1.7831933498382568, 1.818097710609436, 1.8619999885559082, 1.8782243728637695, 1.895713448524475, 1.904015302658081, 1.9024367332458496, 1.9099749326705933]}