{
  "image_type": "fer2013_hf",
  "condition": "zero",
  "percent_kept": 0.75,
  "test_loss": 1.6554419994354248,
  "test_accuracy": 0.36100277304649353,
  "epochs_trained": 24,
  "best_val_accuracy": 0.35988858342170715
}