{"accuracy": [0.20618556439876556, 0.24589021503925323, 0.2702702581882477, 0.2871273458003998, 0.2991083860397339, 0.2977152466773987, 0.31833380460739136, 0.3264140486717224, 0.31624406576156616, 0.3376985192298889, 0.3383950889110565, 0.34243521094322205, 0.35497352480888367, 0.34800779819488525, 0.34522151947021484, 0.18236277997493744, 0.20423516631126404, 0.2340484857559204, 0.25355252623558044, 0.28085818886756897, 0.30231261253356934, 0.31429368257522583, 0.3201448917388916, 0.3321259319782257], "loss": [2.2840170860290527, 1.9853497743606567, 1.8905766010284424, 1.849645972251892, 1.7915029525756836, 1.7700945138931274, 1.7278857231140137, 1.7125471830368042, 1.7171005010604858, 1.6898878812789917, 1.6789577007293701, 1.6681437492370605, 1.6570196151733398, 1.6589405536651611, 1.6449655294418335, 2.9447734355926514, 2.6159534454345703, 2.355192184448242, 2.2727954387664795, 2.111029863357544, 2.0011796951293945, 1.9568055868148804, 1.8958122730255127, 1.8694016933441162], "val_accuracy": [0.28635096549987793, 0.3052924871444702, 0.2952646315097809, 0.30473536252975464, 0.3392757773399353, 0.34540390968322754, 0.33816155791282654, 0.357660174369812, 0.3431755006313324, 0.32256266474723816, 0.34094706177711487, 0.350417822599411, 0.3582172691822052, 0.3476323187351227, 0.35988858342170715, 0.3515320420265198, 0.3320334255695343, 0.3247910737991333, 0.31922006607055664, 0.3164345324039459, 0.31253480911254883, 0.3175487518310547, 0.3169916570186615, 0.31866294145584106], "val_loss": [1.8323755264282227, 1.7744524478912354, 1.7526463270187378, 1.7533645629882812, 1.6819496154785156, 1.6708306074142456, 1.6696090698242188, 1.650188684463501, 1.6633533239364624, 1.6926578283309937, 1.6516714096069336, 1.6589716672897339, 1.6394298076629639, 1.6901434659957886, 1.6246178150177002, 1.6545116901397705, 1.704464316368103, 1.7535263299942017, 1.7846996784210205, 1.7882412672042847, 1.7856544256210327, 1.7901381254196167, 1.79716956615448, 1.7979375123977661]}