{"accuracy": [0.1974087506532669, 0.23321259021759033, 0.24087490141391754, 0.27040958404541016, 0.2814154326915741, 0.30008357763290405, 0.3187517523765564, 0.33045417070388794, 0.34173864126205444, 0.3598495423793793, 0.3744775652885437, 0.3786570131778717, 0.3758707046508789, 0.38673725724220276, 0.3906380534172058, 0.38910558819770813, 0.40094733238220215, 0.41292840242385864, 0.4155753552913666, 0.41641125082969666, 0.4295068383216858, 0.43187516927719116, 0.43689051270484924, 0.4345221519470215, 0.4548620879650116, 0.44817498326301575, 0.4456673264503479, 0.45945945382118225, 0.45374757051467896, 0.4554193317890167, 0.46990805864334106, 0.46140986680984497, 0.4582056403160095, 0.47157981991767883, 0.4789634943008423, 0.47018668055534363, 0.4639175236225128, 0.4832822382450104, 0.49052661657333374, 0.49554193019866943, 0.48969072103500366, 0.488576203584671, 0.4837001860141754, 0.4888548254966736, 0.48774030804634094, 0.5023683309555054, 0.5164391398429871, 0.5061298608779907, 0.5108665227890015, 0.5036221742630005, 0.48119252920150757, 0.5064084529876709, 0.5055725574493408, 0.5135135054588318, 0.5264697670936584, 0.5040401220321655, 0.5224296450614929, 0.514488697052002, 0.5115631222724915, 0.5111451745033264], "loss": [2.7812180519104004, 2.2932209968566895, 2.103093385696411, 1.9612696170806885, 1.863616704940796, 1.8133407831192017, 1.7745016813278198, 1.7260020971298218, 1.6950132846832275, 1.6555424928665161, 1.6389985084533691, 1.6257251501083374, 1.6136434078216553, 1.567657232284546, 1.5812267065048218, 1.5687493085861206, 1.5402791500091553, 1.527080774307251, 1.5054835081100464, 1.5086109638214111, 1.4897911548614502, 1.479984164237976, 1.462955355644226, 1.4620916843414307, 1.438088297843933, 1.4178094863891602, 1.4242010116577148, 1.4126044511795044, 1.4104468822479248, 1.4091144800186157, 1.38095223903656, 1.3985868692398071, 1.4053512811660767, 1.378227949142456, 1.3684663772583008, 1.3697774410247803, 1.3834952116012573, 1.3585551977157593, 1.3332136869430542, 1.3270658254623413, 1.3282822370529175, 1.3332717418670654, 1.3448680639266968, 1.3242311477661133, 1.3292768001556396, 1.3062362670898438, 1.2931432723999023, 1.3029394149780273, 1.2729945182800293, 1.280659794807434, 1.3510223627090454, 1.2936769723892212, 1.2899543046951294, 1.2750630378723145, 1.240935206413269, 1.2918647527694702, 1.2547965049743652, 1.2807061672210693, 1.263043999671936, 1.2618229389190674], "val_accuracy": [0.26016712188720703, 0.2161559909582138, 0.26016712188720703, 0.26016712188720703, 0.1749303638935089, 0.2796657383441925, 0.2752089202404022, 0.31977716088294983, 0.3582172691822052, 0.3727019429206848, 0.3665738105773926, 0.3983286917209625, 0.3949860632419586, 0.4038997292518616, 0.38997215032577515, 0.3910863399505615, 0.4373258948326111, 0.4367688000202179, 0.4256267547607422, 0.41615599393844604, 0.463509738445282, 0.4523676931858063, 0.45738160610198975, 0.4802228510379791, 0.4590529203414917, 0.4473537504673004, 0.48356544971466064, 0.46462395787239075, 0.4891364872455597, 0.4963788390159607, 0.4891364872455597, 0.49805015325546265, 0.5041782855987549, 0.5103064179420471, 0.5080779790878296, 0.5130919218063354, 0.4997214376926422, 0.4807799458503723, 0.5075209140777588, 0.5125347971916199, 0.522005558013916, 0.5052924752235413, 0.5186629295349121, 0.522005558013916, 0.4701949954032898, 0.49025070667266846, 0.44568246603012085, 0.5242339968681335, 0.5309191942214966, 0.5013927817344666, 0.5002785325050354, 0.5487465262413025, 0.5314763188362122, 0.5091922283172607, 0.559331476688385, 0.5208913683891296, 0.5459610223770142, 0.5387186408042908, 0.5532033443450928, 0.5359331369400024], "val_loss": [1.8661552667617798, 1.9189478158950806, 1.8780958652496338, 1.911080002784729, 2.2781636714935303, 1.8740037679672241, 1.8686201572418213, 1.8333725929260254, 1.6524701118469238, 1.5877861976623535, 1.5810598134994507, 1.5408804416656494, 1.5206323862075806, 1.5183591842651367, 1.54712975025177, 1.5396615266799927, 1.4444369077682495, 1.4228241443634033, 1.4626573324203491, 1.5770081281661987, 1.3793643712997437, 1.4209527969360352, 1.4247984886169434, 1.3683134317398071, 1.4088364839553833, 1.4247428178787231, 1.367887258529663, 1.3781410455703735, 1.3372143507003784, 1.3497406244277954, 1.3508825302124023, 1.311050534248352, 1.3261213302612305, 1.310824990272522, 1.2822729349136353, 1.2989745140075684, 1.314105749130249, 1.3736259937286377, 1.2991130352020264, 1.2798465490341187, 1.2659233808517456, 1.2982107400894165, 1.2721725702285767, 1.2666738033294678, 1.3665164709091187, 1.374044418334961, 1.4824742078781128, 1.2306108474731445, 1.2475395202636719, 1.3302210569381714, 1.352885365486145, 1.2261700630187988, 1.224837303161621, 1.3150911331176758, 1.2001588344573975, 1.2548387050628662, 1.214896559715271, 1.3606358766555786, 1.2223906517028809, 1.2419757843017578]}