{"accuracy": [0.16801337897777557, 0.1996377855539322, 0.21315129101276398, 0.21747004985809326, 0.22527165710926056, 0.23599888384342194, 0.23780997097492218, 0.232655331492424, 0.24519364535808563, 0.25369182229042053, 0.25717470049858093, 0.2552242875099182, 0.25355252623558044, 0.2649763226509094, 0.2621900141239166, 0.26776260137557983, 0.2582892179489136, 0.26400110125541687, 0.2744497060775757, 0.27612149715423584, 0.2784898281097412, 0.2699916362762451, 0.2758428454399109, 0.2850376069545746, 0.27180272340774536, 0.284341037273407, 0.28030091524124146, 0.2869880199432373, 0.28308722376823425, 0.277096688747406, 0.2786291539669037, 0.2876845896244049, 0.2890777289867401], "loss": [2.8543601036071777, 2.3394205570220947, 2.1405017375946045, 2.048698902130127, 1.9765413999557495, 1.9276381731033325, 1.9000284671783447, 1.890363097190857, 1.8511841297149658, 1.8545366525650024, 1.8272764682769775, 1.8120657205581665, 1.8124631643295288, 1.7919141054153442, 1.7949124574661255, 1.7892491817474365, 1.7942606210708618, 1.7812155485153198, 1.7777307033538818, 1.7646496295928955, 1.7635209560394287, 1.7619415521621704, 1.753588318824768, 1.7635090351104736, 1.7678263187408447, 1.7595531940460205, 1.7559870481491089, 1.7483967542648315, 1.7576645612716675, 1.7479655742645264, 1.7596852779388428, 1.7383089065551758, 1.7413052320480347], "val_accuracy": [0.26016712188720703, 0.27799442410469055, 0.26016712188720703, 0.19498607516288757, 0.16267409920692444, 0.25961002707481384, 0.2685236632823944, 0.25961002707481384, 0.2568245232105255, 0.2573816180229187, 0.26908078789711, 0.28245124220848083, 0.2835654616355896, 0.2724233865737915, 0.2623955309391022, 0.2791086435317993, 0.2869080901145935, 0.2874651849269867, 0.29247909784317017, 0.27409470081329346, 0.27743732929229736, 0.27465182542800903, 0.3013927638530731, 0.3058495819568634, 0.30863508582115173, 0.3058495819568634, 0.31142061948776245, 0.3058495819568634, 0.28969359397888184, 0.3108634948730469, 0.29637882113456726, 0.2791086435317993, 0.29247909784317017], "val_loss": [1.8561253547668457, 1.8831286430358887, 1.9736348390579224, 1.898513913154602, 1.927390456199646, 1.936963677406311, 1.7784777879714966, 1.8029354810714722, 1.788680911064148, 1.7900272607803345, 1.765685796737671, 1.7630361318588257, 1.7589595317840576, 1.7601557970046997, 1.775058627128601, 1.7470049858093262, 1.7495568990707397, 1.7708017826080322, 1.7385358810424805, 1.7674806118011475, 1.7539031505584717, 1.7791599035263062, 1.738008737564087, 1.7193106412887573, 1.7159079313278198, 1.722856044769287, 1.719900369644165, 1.725216031074524, 1.7626360654830933, 1.7172069549560547, 1.7509708404541016, 1.7183222770690918, 1.7355636358261108]}