{
  "image_type": "fer2013_hf",
  "condition": "noise",
  "percent_kept": 0.5,
  "test_loss": 1.7451038360595703,
  "test_accuracy": 0.3064066767692566,
  "epochs_trained": 24,
  "best_val_accuracy": 0.31532034277915955
}