{
  "image_type": "fer2013_hf",
  "condition": "zero",
  "percent_kept": 0.5,
  "test_loss": 1.7150050401687622,
  "test_accuracy": 0.3437325954437256,
  "epochs_trained": 24,
  "best_val_accuracy": 0.32980501651763916
}