{"accuracy": [0.18305934965610504, 0.2052103579044342, 0.2010309249162674, 0.22805795073509216, 0.227082759141922, 0.23014767467975616, 0.24282529950141907, 0.24784062802791595, 0.2645583748817444, 0.25689607858657837, 0.2601003050804138, 0.2635831832885742, 0.28169405460357666, 0.28684869408607483, 0.2798829674720764, 0.27180272340774536, 0.27403175830841064, 0.2821120023727417, 0.27960434556007385, 0.28740596771240234, 0.2882418632507324, 0.2904708981513977, 0.29242128133773804, 0.2861521244049072, 0.31136807799339294, 0.29715797305107117, 0.30440235137939453, 0.2977152466773987, 0.30440235137939453, 0.30565616488456726, 0.3041236996650696, 0.31081080436706543, 0.3201448917388916, 0.32181665301322937, 0.308024525642395, 0.31763723492622375, 0.3319866359233856, 0.3236277401447296, 0.32474225759506226, 0.3234884440898895, 0.31972694396972656, 0.3251602053642273, 0.3307327926158905, 0.3215380311012268, 0.3315686881542206, 0.3442462980747223, 0.33101141452789307, 0.3293396532535553, 0.33310115337371826, 0.33602675795555115, 0.3474505543708801, 0.3392309844493866, 0.3467539846897125, 0.3434104323387146, 0.34605738520622253, 0.35149067640304565, 0.3598495423793793, 0.3553914725780487, 0.36416828632354736, 0.3597102165222168], "loss": [2.767066478729248, 2.296724796295166, 2.129877805709839, 2.020005702972412, 1.9654440879821777, 1.9271736145019531, 1.8938112258911133, 1.8554537296295166, 1.831918716430664, 1.826534628868103, 1.8168617486953735, 1.8051871061325073, 1.7831302881240845, 1.765547275543213, 1.7696833610534668, 1.7816548347473145, 1.7660666704177856, 1.7529958486557007, 1.7637537717819214, 1.7552543878555298, 1.7388746738433838, 1.739547610282898, 1.7477318048477173, 1.7468782663345337, 1.7236360311508179, 1.7367018461227417, 1.7278943061828613, 1.727550983428955, 1.730639100074768, 1.7200567722320557, 1.7247239351272583, 1.7067252397537231, 1.7016043663024902, 1.7075648307800293, 1.7042276859283447, 1.7095959186553955, 1.6879574060440063, 1.69680655002594, 1.6905617713928223, 1.6823644638061523, 1.6919666528701782, 1.6797280311584473, 1.6708853244781494, 1.6869099140167236, 1.6726702451705933, 1.65735924243927, 1.6649988889694214, 1.6641087532043457, 1.6722244024276733, 1.6591781377792358, 1.6474868059158325, 1.6457656621932983, 1.6441776752471924, 1.6505833864212036, 1.6338797807693481, 1.6270091533660889, 1.62247633934021, 1.6275099515914917, 1.6206711530685425, 1.6130743026733398], "val_accuracy": [0.14261838793754578, 0.25125348567962646, 0.14261838793754578, 0.14428968727588654, 0.2428969293832779, 0.23064066469669342, 0.25181058049201965, 0.25515320897102356, 0.25626739859580994, 0.25125348567962646, 0.2880222797393799, 0.28523677587509155, 0.28579387068748474, 0.21169915795326233, 0.30362117290496826, 0.2529247999191284, 0.2947075068950653, 0.31142061948776245, 0.297493040561676, 0.28969359397888184, 0.3208913505077362, 0.3169916570186615, 0.3169916570186615, 0.3136490285396576, 0.3242339789867401, 0.2757660150527954, 0.32256266474723816, 0.31142061948776245, 0.3437325954437256, 0.29637882113456726, 0.320334255695343, 0.31866294145584106, 0.3314763307571411, 0.36044567823410034, 0.3142061233520508, 0.3214484751224518, 0.33314764499664307, 0.34874650835990906, 0.3286907970905304, 0.35264623165130615, 0.2685236632823944, 0.3688022196292877, 0.30807799100875854, 0.35264623165130615, 0.33426183462142944, 0.3688022196292877, 0.3543175458908081, 0.37103062868118286, 0.3699164390563965, 0.38217270374298096, 0.3693593442440033, 0.3582172691822052, 0.3760445713996887, 0.3838440179824829, 0.3621169924736023, 0.38161560893058777, 0.38997215032577515, 0.36323121190071106, 0.3844011127948761, 0.39721447229385376], "val_loss": [1.9886443614959717, 1.8832948207855225, 2.0432653427124023, 1.9999862909317017, 1.8442060947418213, 1.8528640270233154, 1.8267208337783813, 1.8773281574249268, 1.8489331007003784, 1.8000876903533936, 1.750329613685608, 1.7562832832336426, 1.7690198421478271, 2.7567954063415527, 1.7578097581863403, 1.791274905204773, 1.7564005851745605, 1.72804856300354, 1.745687484741211, 1.751234531402588, 1.6980401277542114, 1.7258588075637817, 1.713720679283142, 1.720150351524353, 1.706129789352417, 1.8218700885772705, 1.7218812704086304, 1.7256920337677002, 1.6891427040100098, 1.7532546520233154, 1.6999166011810303, 1.6958699226379395, 1.6828252077102661, 1.6599810123443604, 1.7251843214035034, 1.7117375135421753, 1.6511993408203125, 1.6708089113235474, 1.7070088386535645, 1.6973601579666138, 1.7622958421707153, 1.6366496086120605, 1.7009702920913696, 1.6462785005569458, 1.6588553190231323, 1.633752465248108, 1.646381139755249, 1.620202898979187, 1.6549389362335205, 1.6205813884735107, 1.6370805501937866, 1.6769676208496094, 1.646268606185913, 1.6168562173843384, 1.669554352760315, 1.613688588142395, 1.639976143836975, 1.7104508876800537, 1.631014108657837, 1.6027195453643799]}