{"accuracy": [0.1713569313287735, 0.1981053203344345, 0.21426580846309662, 0.21593758463859558, 0.22541098296642303, 0.22582891583442688, 0.23251602053642273, 0.23655614256858826, 0.244079127907753, 0.23585957288742065, 0.24881581962108612, 0.24380050599575043, 0.2439398169517517, 0.25369182229042053, 0.2531345784664154, 0.2546670436859131, 0.25146281719207764, 0.25717470049858093, 0.24867650866508484, 0.25285595655441284], "loss": [2.799150228500366, 2.3113718032836914, 2.1108593940734863, 2.029402494430542, 1.9587398767471313, 1.9248279333114624, 1.895085096359253, 1.866776466369629, 1.8379050493240356, 1.8516473770141602, 1.8287937641143799, 1.823745608329773, 1.8196630477905273, 1.80451500415802, 1.7977088689804077, 1.8049558401107788, 1.8085620403289795, 1.801139235496521, 1.7989619970321655, 1.7881324291229248], "val_accuracy": [0.14261838793754578, 0.14261838793754578, 0.14261838793754578, 0.18941503763198853, 0.24791085720062256, 0.14261838793754578, 0.2584958076477051, 0.26016712188720703, 0.26350975036621094, 0.2657381594181061, 0.28133705258369446, 0.27743732929229736, 0.27075210213661194, 0.261838436126709, 0.2534818947315216, 0.27799442410469055, 0.2679665684700012, 0.24512535333633423, 0.2534818947315216, 0.2685236632823944], "val_loss": [1.8734192848205566, 1.9702950716018677, 2.0107600688934326, 1.8491413593292236, 1.899975299835205, 2.042480707168579, 1.7979729175567627, 1.9569066762924194, 1.811094045639038, 1.782852053642273, 1.7799726724624634, 1.7674301862716675, 1.789896845817566, 1.7921366691589355, 1.798040747642517, 1.8059059381484985, 1.840596079826355, 1.8191988468170166, 1.8288766145706177, 1.8291809558868408]}