{"accuracy": [0.026446281000971794, 0.11074379831552505, 0.12231405079364777, 0.09917355328798294, 0.09586776793003082, 0.11074379831552505, 0.13884297013282776, 0.1652892529964447, 0.15206611156463623, 0.14380165934562683, 0.14380165934562683, 0.17851239442825317, 0.1900826394557953, 0.16363635659217834, 0.16363635659217834, 0.07933884114027023, 0.1008264496922493, 0.08760330826044083, 0.10743801295757294, 0.11239669471979141, 0.11404958367347717, 0.10743801295757294, 0.12396693974733353, 0.12727272510528564], "loss": [5.260799407958984, 4.311446189880371, 4.312309265136719, 4.17744255065918, 4.164739608764648, 3.897867202758789, 3.903871536254883, 3.748640775680542, 3.768695592880249, 3.7658231258392334, 3.700815200805664, 3.677457094192505, 3.5823144912719727, 3.608832597732544, 3.6088125705718994, 4.521538734436035, 4.468873023986816, 4.418386459350586, 4.397671699523926, 4.324368953704834, 4.211519241333008, 4.251063823699951, 4.117013931274414, 4.085457801818848], "val_accuracy": [0.1381578892469406, 0.18421052396297455, 0.17105263471603394, 0.20394736528396606, 0.17763157188892365, 0.18421052396297455, 0.21052631735801697, 0.21052631735801697, 0.21710526943206787, 0.21052631735801697, 0.21052631735801697, 0.21052631735801697, 0.21710526943206787, 0.22368420660495758, 0.21052631735801697, 0.21052631735801697, 0.21052631735801697, 0.21052631735801697, 0.21052631735801697, 0.21052631735801697, 0.21052631735801697, 0.22368420660495758, 0.22368420660495758, 0.22368420660495758], "val_loss": [3.887465715408325, 3.9476211071014404, 3.8847126960754395, 3.6745593547821045, 3.6135900020599365, 3.5856616497039795, 3.5735085010528564, 3.5680253505706787, 3.5255186557769775, 3.484501838684082, 3.4661026000976562, 3.441554307937622, 3.3935627937316895, 3.3645987510681152, 3.353703022003174, 3.3551583290100098, 3.3562326431274414, 3.356034994125366, 3.3566787242889404, 3.355786085128784, 3.355546712875366, 3.3555378913879395, 3.356095552444458, 3.3568813800811768]}