{
  "image_type": "lfw_faces",
  "condition": "original",
  "percent_kept": 0.75,
  "test_loss": 3.7786219120025635,
  "test_accuracy": 0.18421052396297455,
  "epochs_trained": 20,
  "best_val_accuracy": 0.23026315867900848
}