{"accuracy": [0.00826446246355772, 0.036363635212183, 0.036363635212183, 0.057851240038871765, 0.06942148506641388, 0.07768595218658447, 0.07603305578231812, 0.08264462649822235, 0.11404958367347717, 0.13553719222545624, 0.09917355328798294, 0.08264462649822235, 0.12727272510528564, 0.13553719222545624, 0.15867768228054047, 0.145454540848732], "loss": [5.579068660736084, 5.391088485717773, 5.322665691375732, 5.004739284515381, 4.823409080505371, 4.6705851554870605, 4.642529010772705, 4.643749713897705, 4.4240522384643555, 4.263675689697266, 4.422398567199707, 4.382811069488525, 4.24513578414917, 4.088741302490234, 3.9551234245300293, 3.9695932865142822], "val_accuracy": [0.19078947603702545, 0.18421052396297455, 0.18421052396297455, 0.18421052396297455, 0.18421052396297455, 0.18421052396297455, 0.18421052396297455, 0.18421052396297455, 0.18421052396297455, 0.18421052396297455, 0.18421052396297455, 0.18421052396297455, 0.18421052396297455, 0.09210526198148727, 0.09210526198148727, 0.09210526198148727], "val_loss": [4.081243991851807, 4.035764217376709, 3.997276782989502, 3.9600918292999268, 3.9205610752105713, 3.8923680782318115, 3.860189437866211, 3.8549299240112305, 3.8669097423553467, 3.8978593349456787, 3.896315336227417, 3.893519639968872, 3.9010732173919678, 3.8821823596954346, 3.8592441082000732, 3.8691012859344482]}