{"accuracy": [0.0181818176060915, 0.03966942057013512, 0.07438016682863235, 0.06776859611272812, 0.09586776793003082, 0.07438016682863235, 0.10413223505020142, 0.12396693974733353, 0.13884297013282776, 0.14049586653709412, 0.14049586653709412, 0.15537190437316895, 0.15537190437316895, 0.16363635659217834, 0.19504132866859436, 0.21652892231941223, 0.21983471512794495, 0.23140496015548706, 0.20330578088760376, 0.2181818187236786], "loss": [5.7864508628845215, 5.379031181335449, 5.139964580535889, 4.986190319061279, 4.845300197601318, 4.588709354400635, 4.520720481872559, 4.3357834815979, 4.212907791137695, 4.100255012512207, 4.0046305656433105, 4.088449001312256, 3.9767675399780273, 3.9221715927124023, 3.7275915145874023, 3.6101772785186768, 3.5397353172302246, 3.6104559898376465, 3.6174933910369873, 3.455192804336548], "val_accuracy": [0.14473684132099152, 0.18421052396297455, 0.18421052396297455, 0.18421052396297455, 0.18421052396297455, 0.18421052396297455, 0.18421052396297455, 0.18421052396297455, 0.18421052396297455, 0.18421052396297455, 0.18421052396297455, 0.18421052396297455, 0.18421052396297455, 0.18421052396297455, 0.09868421405553818, 0.09210526198148727, 0.09210526198148727, 0.22368420660495758, 0.23026315867900848, 0.09210526198148727], "val_loss": [4.100827217102051, 4.059978008270264, 4.012478351593018, 3.96614146232605, 3.957273006439209, 3.935960531234741, 3.9046101570129395, 3.849931478500366, 3.806713819503784, 3.778887987136841, 3.7627532482147217, 3.752300977706909, 3.7922840118408203, 3.859039306640625, 3.8823540210723877, 3.888593912124634, 3.8437740802764893, 3.7913877964019775, 3.838319778442383, 3.920814037322998]}