{"accuracy": [0.05454545468091965, 0.12066115438938141, 0.13057851791381836, 0.11404958367347717, 0.14049586653709412, 0.1256198287010193, 0.1570248007774353, 0.145454540848732, 0.13057851791381836, 0.15537190437316895, 0.1570248007774353, 0.16363635659217834, 0.16198347508907318, 0.1851239651441574, 0.1735537201166153, 0.0925619825720787, 0.07933884114027023, 0.0925619825720787, 0.09917355328798294, 0.10247933864593506, 0.072727270424366, 0.11239669471979141, 0.1487603336572647, 0.10743801295757294, 0.11570248007774353, 0.11735536903142929, 0.13057851791381836, 0.10743801295757294, 0.12396693974733353], "loss": [4.776922225952148, 4.248007297515869, 4.1421308517456055, 4.060989856719971, 3.9184484481811523, 3.9402787685394287, 3.7329859733581543, 3.744640588760376, 3.730785846710205, 3.565723419189453, 3.682518720626831, 3.432421922683716, 3.615626573562622, 3.418663740158081, 3.4833436012268066, 4.503635883331299, 4.474775791168213, 4.548165321350098, 4.407118797302246, 4.3809590339660645, 4.449863433837891, 4.273627758026123, 4.0150580406188965, 4.309256553649902, 4.146414279937744, 4.192799091339111, 4.046529769897461, 4.093926906585693, 3.9829671382904053], "val_accuracy": [0.125, 0.1381578892469406, 0.15789473056793213, 0.17763157188892365, 0.21052631735801697, 0.21710526943206787, 0.21052631735801697, 0.21710526943206787, 0.2434210479259491, 0.25, 0.25, 0.25, 0.2434210479259491, 0.25, 0.2565789520740509, 0.2697368562221527, 0.2631579041481018, 0.2697368562221527, 0.2631579041481018, 0.2631579041481018, 0.2631579041481018, 0.2631579041481018, 0.2631579041481018, 0.2631579041481018, 0.2631579041481018, 0.2565789520740509, 0.2565789520740509, 0.2565789520740509, 0.2565789520740509], "val_loss": [4.002951622009277, 3.9348461627960205, 3.7936012744903564, 3.757286787033081, 3.678985595703125, 3.598635196685791, 3.575518846511841, 3.5603368282318115, 3.530606269836426, 3.4957258701324463, 3.443718433380127, 3.4097812175750732, 3.353363513946533, 3.3431718349456787, 3.3140342235565186, 3.3164777755737305, 3.3165628910064697, 3.3170411586761475, 3.316668748855591, 3.3153388500213623, 3.314927816390991, 3.3160977363586426, 3.318875312805176, 3.3215949535369873, 3.324747085571289, 3.3281619548797607, 3.3306777477264404, 3.332463264465332, 3.334688663482666]}