{"accuracy": [0.036363635212183, 0.11735536903142929, 0.15867768228054047, 0.17520661652088165, 0.17190082371234894, 0.2380165308713913, 0.24462810158729553, 0.28099173307418823, 0.2975206673145294, 0.3057851195335388, 0.35537189245224, 0.38181817531585693, 0.4033057987689972, 0.4363636374473572, 0.4347107410430908, 0.09090909361839294, 0.06776859611272812, 0.0925619825720787, 0.09917355328798294, 0.11900826543569565, 0.12396693974733353, 0.10413223505020142, 0.13388429582118988, 0.1537190079689026, 0.16859504580497742, 0.1735537201166153, 0.16694214940071106, 0.1818181872367859, 0.19669421017169952, 0.209917351603508, 0.2462809979915619, 0.2214875966310501, 0.23305785655975342, 0.23305785655975342, 0.25950413942337036, 0.26446279883384705], "loss": [5.006387710571289, 4.313842296600342, 4.195384502410889, 3.7970964908599854, 3.5591437816619873, 3.151684284210205, 3.145184278488159, 2.9827933311462402, 2.847027540206909, 2.7156972885131836, 2.550577402114868, 2.4525997638702393, 2.312363624572754, 2.273005723953247, 2.149092435836792, 4.396350860595703, 4.310202598571777, 4.3596086502075195, 4.112452507019043, 3.993624448776245, 4.058185577392578, 3.966601610183716, 3.930007219314575, 3.780672073364258, 3.706982135772705, 3.691030502319336, 3.711735725402832, 3.606841564178467, 3.5847349166870117, 3.441256046295166, 3.2274138927459717, 3.34710431098938, 3.277813673019409, 3.288128614425659, 3.2217938899993896, 3.092250347137451], "val_accuracy": [0.09868421405553818, 0.18421052396297455, 0.21710526943206787, 0.2565789520740509, 0.28947368264198303, 0.28947368264198303, 0.29605263471603394, 0.3552631437778473, 0.3684210479259491, 0.4013157784938812, 0.40789473056793213, 0.46052631735801697, 0.4736842215061188, 0.44736841320991516, 0.42763158679008484, 0.42763158679008484, 0.42763158679008484, 0.44078946113586426, 0.44078946113586426, 0.44736841320991516, 0.44736841320991516, 0.45394736528396606, 0.44736841320991516, 0.44736841320991516, 0.45394736528396606, 0.44736841320991516, 0.44736841320991516, 0.45394736528396606, 0.46052631735801697, 0.46710526943206787, 0.46710526943206787, 0.46710526943206787, 0.45394736528396606, 0.45394736528396606, 0.46052631735801697, 0.46052631735801697], "val_loss": [3.999082088470459, 3.9160871505737305, 3.639986991882324, 3.408205986022949, 3.1782302856445312, 3.0207130908966064, 2.8979523181915283, 2.788891553878784, 2.6998775005340576, 2.5903160572052, 2.462337017059326, 2.3783681392669678, 2.348069906234741, 2.304555654525757, 2.2546393871307373, 2.2472877502441406, 2.242244005203247, 2.2359201908111572, 2.2296440601348877, 2.2243034839630127, 2.2187557220458984, 2.21354079246521, 2.2082138061523438, 2.2047019004821777, 2.2034685611724854, 2.2034411430358887, 2.2020416259765625, 2.2020256519317627, 2.2026970386505127, 2.2031710147857666, 2.205414295196533, 2.2084014415740967, 2.2116382122039795, 2.2157280445098877, 2.2195005416870117, 2.224111557006836]}