{"accuracy": [0.028099173679947853, 0.09090909361839294, 0.15537190437316895, 0.145454540848732, 0.12727272510528564, 0.13884297013282776, 0.16198347508907318, 0.13223139941692352, 0.1652892529964447, 0.1851239651441574, 0.2016528993844986, 0.20330578088760376, 0.2132231444120407, 0.19504132866859436, 0.22809916734695435, 0.13884297013282776, 0.1371900886297226, 0.1652892529964447, 0.13057851791381836, 0.1537190079689026, 0.17520661652088165, 0.1537190079689026, 0.13223139941692352, 0.1735537201166153], "loss": [4.995774745941162, 4.252716064453125, 4.10069465637207, 4.013553142547607, 3.896458625793457, 3.743147134780884, 3.746220350265503, 3.669727325439453, 3.553725481033325, 3.4359333515167236, 3.33856201171875, 3.399245023727417, 3.225362777709961, 3.237098217010498, 3.1832425594329834, 4.7984161376953125, 4.58364725112915, 4.614762783050537, 4.515880584716797, 4.407660961151123, 4.34608268737793, 4.331470966339111, 4.394691467285156, 4.156172275543213], "val_accuracy": [0.11184210330247879, 0.18421052396297455, 0.18421052396297455, 0.19736842811107635, 0.19736842811107635, 0.20394736528396606, 0.20394736528396606, 0.23026315867900848, 0.2434210479259491, 0.23026315867900848, 0.23026315867900848, 0.25, 0.2631579041481018, 0.2434210479259491, 0.2434210479259491, 0.2434210479259491, 0.25, 0.25, 0.25, 0.25, 0.25, 0.2565789520740509, 0.25, 0.25], "val_loss": [3.8007895946502686, 3.808990955352783, 3.7604053020477295, 3.599226236343384, 3.467816114425659, 3.380261182785034, 3.381626844406128, 3.3468217849731445, 3.274683952331543, 3.2115185260772705, 3.180457592010498, 3.1482326984405518, 3.1601274013519287, 3.1424171924591064, 3.068638563156128, 3.0695905685424805, 3.0703983306884766, 3.0709056854248047, 3.071870803833008, 3.073296308517456, 3.0749547481536865, 3.0773932933807373, 3.0801196098327637, 3.0840187072753906]}