{"accuracy": [0.01652892492711544, 0.03471074253320694, 0.03471074253320694, 0.06280991435050964, 0.06776859611272812, 0.064462810754776, 0.12231405079364777, 0.11239669471979141, 0.14380165934562683, 0.16033057868480682, 0.12727272510528564, 0.145454540848732, 0.14710743725299835, 0.18677686154842377, 0.17024792730808258, 0.193388432264328, 0.19834710657596588, 0.20330578088760376, 0.23140496015548706, 0.20330578088760376, 0.20826447010040283, 0.21652892231941223, 0.24132230877876282], "loss": [5.611124515533447, 5.4322075843811035, 5.153788089752197, 4.91600227355957, 4.7710394859313965, 4.8135986328125, 4.443016529083252, 4.489325046539307, 4.2541046142578125, 4.1898193359375, 4.245828151702881, 4.058114051818848, 3.89510178565979, 3.869389295578003, 3.9021224975585938, 3.6601450443267822, 3.673299551010132, 3.5035390853881836, 3.536256790161133, 3.6258704662323, 3.5003628730773926, 3.4846606254577637, 3.2250750064849854], "val_accuracy": [0.0, 0.0, 0.0, 0.18421052396297455, 0.18421052396297455, 0.18421052396297455, 0.18421052396297455, 0.18421052396297455, 0.18421052396297455, 0.18421052396297455, 0.18421052396297455, 0.18421052396297455, 0.18421052396297455, 0.18421052396297455, 0.18421052396297455, 0.18421052396297455, 0.19078947603702545, 0.09210526198148727, 0.09210526198148727, 0.18421052396297455, 0.18421052396297455, 0.20394736528396606, 0.10526315867900848], "val_loss": [4.126044750213623, 4.113285541534424, 4.077413558959961, 4.028039455413818, 3.9931416511535645, 3.952923059463501, 3.9184153079986572, 3.9003818035125732, 3.8933608531951904, 3.884413480758667, 3.870452880859375, 3.866290807723999, 3.8901665210723877, 3.853529214859009, 3.8092703819274902, 3.8246212005615234, 3.896165609359741, 3.9275577068328857, 3.929677963256836, 3.9253597259521484, 3.9173583984375, 3.934267520904541, 3.9923713207244873]}