{"accuracy": [0.021487602964043617, 0.026446281000971794, 0.021487602964043617, 0.03305784985423088, 0.028099173679947853, 0.04462809860706329, 0.059504132717847824, 0.05123966932296753, 0.072727270424366, 0.06776859611272812, 0.09586776793003082, 0.08429752290248871, 0.07438016682863235, 0.12396693974733353, 0.09586776793003082, 0.145454540848732, 0.11900826543569565, 0.1570248007774353, 0.11239669471979141, 0.14380165934562683, 0.12231405079364777, 0.1371900886297226, 0.13553719222545624, 0.13884297013282776, 0.128925621509552, 0.16859504580497742, 0.14049586653709412, 0.16033057868480682], "loss": [5.668903827667236, 5.494714260101318, 5.595666885375977, 5.395341396331787, 5.163383483886719, 5.071673393249512, 4.864295482635498, 4.830715179443359, 4.66173791885376, 4.6973161697387695, 4.4441328048706055, 4.370934963226318, 4.42096471786499, 4.2223687171936035, 4.313660621643066, 4.174723148345947, 4.17172384262085, 4.064122676849365, 4.192147731781006, 4.025392055511475, 3.9987974166870117, 4.057802200317383, 3.923276424407959, 3.873645305633545, 3.881786823272705, 3.8737361431121826, 3.9249584674835205, 3.903038740158081], "val_accuracy": [0.01315789483487606, 0.019736841320991516, 0.00657894741743803, 0.09210526198148727, 0.18421052396297455, 0.18421052396297455, 0.01315789483487606, 0.01315789483487606, 0.18421052396297455, 0.18421052396297455, 0.18421052396297455, 0.18421052396297455, 0.18421052396297455, 0.18421052396297455, 0.18421052396297455, 0.09210526198148727, 0.18421052396297455, 0.18421052396297455, 0.18421052396297455, 0.18421052396297455, 0.18421052396297455, 0.18421052396297455, 0.18421052396297455, 0.18421052396297455, 0.09210526198148727, 0.18421052396297455, 0.18421052396297455, 0.18421052396297455], "val_loss": [4.110430717468262, 4.088229179382324, 4.055203437805176, 4.024877071380615, 4.017197132110596, 4.025606632232666, 4.043919086456299, 4.046578884124756, 4.019191741943359, 3.948228120803833, 3.9268550872802734, 4.013247966766357, 4.017800807952881, 3.907193660736084, 3.863708019256592, 3.8758111000061035, 3.902615547180176, 3.9299638271331787, 3.922403335571289, 3.8550021648406982, 3.9082536697387695, 4.083520412445068, 4.1695051193237305, 4.012764930725098, 4.077767372131348, 3.9923388957977295, 3.9804129600524902, 3.9592936038970947]}