{
  "image_type": "lfw_faces",
  "condition": "original",
  "percent_kept": 0.75,
  "test_loss": 2.3682777881622314,
  "test_accuracy": 0.40789473056793213,
  "epochs_trained": 36,
  "best_val_accuracy": 0.4736842215061188
}