{"accuracy": [0.00826446246355772, 0.024793388321995735, 0.03966942057013512, 0.04462809860706329, 0.03471074253320694, 0.04793388396501541, 0.04958677664399147, 0.072727270424366, 0.07438016682863235], "loss": [5.864247798919678, 5.4382758140563965, 5.216876029968262, 5.082884788513184, 5.0159993171691895, 4.943223476409912, 4.960684299468994, 4.6125807762146, 4.616903305053711], "val_accuracy": [0.0, 0.01315789483487606, 0.01315789483487606, 0.01315789483487606, 0.0, 0.0, 0.0, 0.0, 0.0], "val_loss": [4.1176533699035645, 4.128050327301025, 4.149988174438477, 4.1853413581848145, 4.218084812164307, 4.223616600036621, 4.258599758148193, 4.336606025695801, 4.394401550292969]}