{"accuracy": [0.014876033179461956, 0.03966942057013512, 0.11570248007774353, 0.17851239442825317, 0.128925621509552, 0.16033057868480682, 0.1537190079689026, 0.1570248007774353, 0.1818181872367859, 0.19834710657596588, 0.18842975795269012, 0.15537190437316895, 0.2132231444120407, 0.24132230877876282, 0.18677686154842377, 0.1008264496922493, 0.12066115438938141, 0.11735536903142929, 0.128925621509552, 0.13223139941692352, 0.13223139941692352, 0.15206611156463623, 0.14380165934562683, 0.1652892529964447], "loss": [5.209438800811768, 4.359847545623779, 4.0313639640808105, 3.896271228790283, 3.886404275894165, 3.6915950775146484, 3.604900598526001, 3.554086208343506, 3.513390302658081, 3.4237301349639893, 3.439955949783325, 3.4810285568237305, 3.381669282913208, 3.260207414627075, 3.369127035140991, 5.045533657073975, 4.807343482971191, 4.758903980255127, 4.532557487487793, 4.515970230102539, 4.583581924438477, 4.440069675445557, 4.545578956604004, 4.349496364593506], "val_accuracy": [0.04605263099074364, 0.09868421405553818, 0.18421052396297455, 0.18421052396297455, 0.20394736528396606, 0.2434210479259491, 0.2368421107530594, 0.25, 0.2368421107530594, 0.2368421107530594, 0.23026315867900848, 0.2368421107530594, 0.2763157784938812, 0.2697368562221527, 0.2697368562221527, 0.2697368562221527, 0.2697368562221527, 0.2697368562221527, 0.2697368562221527, 0.2697368562221527, 0.2631579041481018, 0.25, 0.25, 0.25], "val_loss": [4.174321174621582, 3.735201358795166, 3.72896409034729, 3.667980909347534, 3.5335793495178223, 3.463671922683716, 3.4223716259002686, 3.397935628890991, 3.365699052810669, 3.321913719177246, 3.288240432739258, 3.2450461387634277, 3.219811201095581, 3.1855783462524414, 3.176725387573242, 3.1810038089752197, 3.1825456619262695, 3.1835474967956543, 3.1831586360931396, 3.1825525760650635, 3.182413101196289, 3.1828532218933105, 3.1841704845428467, 3.185612440109253]}