{"accuracy": [0.01983471028506756, 0.028099173679947853, 0.029752066358923912, 0.03471074253320694, 0.03305784985423088, 0.028099173679947853, 0.026446281000971794, 0.04958677664399147, 0.059504132717847824], "loss": [5.5372233390808105, 5.439446449279785, 5.435409069061279, 5.256483554840088, 5.135987758636475, 5.000555038452148, 5.046643257141113, 4.7320942878723145, 4.64444637298584], "val_accuracy": [0.08552631735801697, 0.00657894741743803, 0.00657894741743803, 0.00657894741743803, 0.00657894741743803, 0.00657894741743803, 0.0, 0.00657894741743803, 0.00657894741743803], "val_loss": [4.128717422485352, 4.159994602203369, 4.208418369293213, 4.230385780334473, 4.232003211975098, 4.277464389801025, 4.378116607666016, 4.523181915283203, 4.661427021026611]}