{"accuracy": [0.03801652789115906, 0.1371900886297226, 0.17024792730808258, 0.13884297013282776, 0.17520661652088165, 0.22479338943958282, 0.2380165308713913, 0.2694214880466461, 0.28760331869125366, 0.32066115736961365, 0.3272727131843567, 0.3355371952056885, 0.38512396812438965, 0.38842976093292236, 0.4644628167152405, 0.07603305578231812, 0.09917355328798294, 0.0925619825720787, 0.1090909093618393, 0.13388429582118988, 0.13553719222545624, 0.10578512400388718, 0.17024792730808258, 0.16198347508907318, 0.16363635659217834, 0.1900826394557953, 0.16033057868480682, 0.18016529083251953, 0.1818181872367859, 0.2132231444120407, 0.19834710657596588, 0.20330578088760376, 0.22809916734695435, 0.2495867758989334, 0.257851243019104, 0.2793388366699219, 0.25289255380630493, 0.28925618529319763], "loss": [4.876258850097656, 4.238534927368164, 3.9910895824432373, 3.792818307876587, 3.626434087753296, 3.307711124420166, 3.2086639404296875, 2.9311819076538086, 2.8700742721557617, 2.739899158477783, 2.655811071395874, 2.5743672847747803, 2.422564744949341, 2.314164400100708, 2.1468493938446045, 4.301483154296875, 4.257989883422852, 4.329183578491211, 4.13149356842041, 4.124238014221191, 3.9998252391815186, 4.086398124694824, 3.985506534576416, 3.8039937019348145, 3.818338394165039, 3.663980484008789, 3.716248035430908, 3.632803201675415, 3.6798110008239746, 3.5476949214935303, 3.5631473064422607, 3.5491583347320557, 3.4091763496398926, 3.3237385749816895, 3.2312161922454834, 3.1372017860412598, 3.1408488750457764, 3.1818037033081055], "val_accuracy": [0.17105263471603394, 0.21052631735801697, 0.22368420660495758, 0.28947368264198303, 0.29605263471603394, 0.28947368264198303, 0.34210526943206787, 0.3815789520740509, 0.375, 0.3881579041481018, 0.42763158679008484, 0.43421053886413574, 0.44736841320991516, 0.44078946113586426, 0.46052631735801697, 0.44736841320991516, 0.44736841320991516, 0.44736841320991516, 0.44736841320991516, 0.44736841320991516, 0.46052631735801697, 0.46710526943206787, 0.46710526943206787, 0.46710526943206787, 0.46710526943206787, 0.46710526943206787, 0.46052631735801697, 0.46052631735801697, 0.46710526943206787, 0.46710526943206787, 0.45394736528396606, 0.45394736528396606, 0.46052631735801697, 0.4736842215061188, 0.4736842215061188, 0.46710526943206787, 0.46710526943206787, 0.46710526943206787], "val_loss": [3.7655136585235596, 3.7795708179473877, 3.3754312992095947, 3.1569762229919434, 3.0603578090667725, 2.968859910964966, 2.8256654739379883, 2.680471658706665, 2.5754599571228027, 2.500204086303711, 2.435345411300659, 2.3508758544921875, 2.2645809650421143, 2.2273831367492676, 2.229532241821289, 2.218170166015625, 2.212580919265747, 2.2082598209381104, 2.2056641578674316, 2.203130006790161, 2.200993299484253, 2.1985440254211426, 2.19624924659729, 2.192739963531494, 2.1901373863220215, 2.1872832775115967, 2.184908866882324, 2.1826562881469727, 2.1800975799560547, 2.1795318126678467, 2.1808242797851562, 2.1833343505859375, 2.1873199939727783, 2.1915128231048584, 2.197514772415161, 2.201338291168213, 2.2039220333099365, 2.206669330596924]}