{"accuracy": [0.9491666555404663, 0.9829833507537842, 0.9862499833106995, 0.9890333414077759, 0.9898333549499512, 0.9909999966621399, 0.9922999739646912, 0.992900013923645, 0.993399977684021, 0.9931166768074036, 0.9942166805267334, 0.9943833351135254, 0.9942833185195923], "loss": [0.16625849902629852, 0.05633823946118355, 0.04406958445906639, 0.03560569882392883, 0.03201664984226227, 0.02830551005899906, 0.024034839123487473, 0.02213609218597412, 0.02087319828569889, 0.02060369960963726, 0.017746033146977425, 0.016291262581944466, 0.017436537891626358], "val_accuracy": [0.9330999851226807, 0.9894999861717224, 0.9918000102043152, 0.9926000237464905, 0.9940999746322632, 0.9914000034332275, 0.9944000244140625, 0.9932000041007996, 0.9926000237464905, 0.9930999875068665, 0.9937000274658203, 0.993399977684021, 0.9941999912261963], "val_loss": [0.22366450726985931, 0.028309741988778114, 0.02517537772655487, 0.02198551408946514, 0.018439317122101784, 0.024587685242295265, 0.018202651292085648, 0.020304838195443153, 0.022308027371764183, 0.021405493840575218, 0.019614815711975098, 0.01975138485431671, 0.021024826914072037]}