{
  "image_type": "mnist",
  "condition": "noise",
  "percent_kept": 0.75,
  "test_loss": 0.019791316241025925,
  "test_accuracy": 0.9940999746322632,
  "epochs_trained": 15,
  "best_val_accuracy": 0.9940999746322632
}