{"accuracy": [0.9432333111763, 0.9794833064079285, 0.9856333136558533, 0.9878333210945129, 0.9897500276565552, 0.9908833503723145, 0.9918000102043152, 0.992900013923645, 0.9928333163261414, 0.9934499859809875, 0.9944833517074585, 0.9944166541099548, 0.9951666593551636, 0.994533360004425, 0.9950000047683716], "loss": [0.18774257600307465, 0.06689336150884628, 0.046222228556871414, 0.0384492501616478, 0.033087026327848434, 0.027951208874583244, 0.02547435648739338, 0.02262120693922043, 0.0230026263743639, 0.020543284714221954, 0.017351653426885605, 0.016800956800580025, 0.015472947619855404, 0.01631612703204155, 0.015000034123659134], "val_accuracy": [0.9114999771118164, 0.9897000193595886, 0.9919000267982483, 0.9901000261306763, 0.9922999739646912, 0.9929999709129333, 0.9923999905586243, 0.9925000071525574, 0.9940999746322632, 0.9933000206947327, 0.9925000071525574, 0.9927999973297119, 0.9937000274658203, 0.9940999746322632, 0.9922000169754028], "val_loss": [0.27210915088653564, 0.03116006776690483, 0.026004159823060036, 0.029454801231622696, 0.02466733008623123, 0.02106284722685814, 0.0216632392257452, 0.022582631558179855, 0.019791308790445328, 0.021025683730840683, 0.023853173479437828, 0.02678849548101425, 0.02127998135983944, 0.020413922145962715, 0.02548234723508358]}