{"accuracy": [0.9385833144187927, 0.9802166819572449, 0.9841333627700806, 0.9870833158493042, 0.9889333248138428, 0.9907500147819519, 0.9909166693687439, 0.9918333292007446, 0.9920499920845032, 0.993316650390625, 0.993149995803833, 0.9938499927520752, 0.9940166473388672, 0.9943166375160217, 0.9953500032424927, 0.9957333207130432, 0.9961000084877014, 0.9954500198364258, 0.996483325958252], "loss": [0.20069406926631927, 0.0670391172170639, 0.05054134130477905, 0.04030816629528999, 0.034575268626213074, 0.028480106964707375, 0.028328170999884605, 0.02503942884504795, 0.023527653887867928, 0.021141227334737778, 0.020273078233003616, 0.017282936722040176, 0.018335416913032532, 0.016781596466898918, 0.013773459009826183, 0.01245557889342308, 0.011711698956787586, 0.013439519330859184, 0.010479769669473171], "val_accuracy": [0.9100000262260437, 0.9886000156402588, 0.9908999800682068, 0.9909999966621399, 0.9925000071525574, 0.9897000193595886, 0.9919000267982483, 0.991100013256073, 0.9896000027656555, 0.993399977684021, 0.9926999807357788, 0.9922999739646912, 0.9937000274658203, 0.992900013923645, 0.9919000267982483, 0.9936000108718872, 0.9926999807357788, 0.9929999709129333, 0.993399977684021], "val_loss": [0.2851095199584961, 0.036695774644613266, 0.028523065149784088, 0.02743792161345482, 0.02623511292040348, 0.031387921422719955, 0.027523519471287727, 0.028679126873612404, 0.031144024804234505, 0.021541191264986992, 0.02315618470311165, 0.02276773191988468, 0.021028248593211174, 0.027286682277917862, 0.026224276050925255, 0.02373751439154148, 0.02768789418041706, 0.025672998279333115, 0.022850021719932556]}