{"accuracy": [0.9481333494186401, 0.9817333221435547, 0.9865666627883911, 0.9878166913986206, 0.9896666407585144, 0.9910333156585693, 0.9920833110809326, 0.9923499822616577, 0.9929333329200745, 0.9933333396911621], "loss": [0.16570696234703064, 0.05941009521484375, 0.04387153312563896, 0.03793666139245033, 0.032288286834955215, 0.0287346001714468, 0.025623474270105362, 0.02359919250011444, 0.022118644788861275, 0.02106529101729393], "val_accuracy": [0.9610000252723694, 0.9904000163078308, 0.9918000102043152, 0.9941999912261963, 0.9926000237464905, 0.9918000102043152, 0.9923999905586243, 0.9922000169754028, 0.9916999936103821, 0.9934999942779541], "val_loss": [0.1579442024230957, 0.02812417596578598, 0.024449961259961128, 0.018969286233186722, 0.023670395836234093, 0.023443419486284256, 0.02294020541012287, 0.020396195352077484, 0.026016689836978912, 0.021800905466079712]}