{"accuracy": [0.9499333500862122, 0.9817500114440918, 0.985966682434082, 0.9892666935920715, 0.990066647529602, 0.9907833337783813, 0.9915666580200195, 0.9927166700363159, 0.9931666851043701, 0.9933500289916992, 0.9942499995231628, 0.9941333532333374, 0.9949666857719421, 0.9948999881744385], "loss": [0.16492895781993866, 0.058932241052389145, 0.04505879059433937, 0.03519927337765694, 0.031228985637426376, 0.028798744082450867, 0.026647543534636497, 0.02386428229510784, 0.021137835457921028, 0.020157935097813606, 0.01767708547413349, 0.01747005246579647, 0.015744023025035858, 0.015862053260207176], "val_accuracy": [0.8895999789237976, 0.9904000163078308, 0.9912999868392944, 0.991599977016449, 0.9921000003814697, 0.9925000071525574, 0.9933000206947327, 0.9951000213623047, 0.9927999973297119, 0.9921000003814697, 0.9940000176429749, 0.9940000176429749, 0.9926999807357788, 0.9940999746322632], "val_loss": [0.33102086186408997, 0.029284875839948654, 0.023760376498103142, 0.02646644599735737, 0.02242538519203663, 0.022354716435074806, 0.019253943115472794, 0.01536636520177126, 0.024111101403832436, 0.022665558382868767, 0.021326905116438866, 0.017837198451161385, 0.02321247197687626, 0.018025711178779602]}