{"accuracy": [0.9508166909217834, 0.9822499752044678, 0.9857500195503235, 0.9885500073432922, 0.9899166822433472, 0.9912999868392944, 0.9918500185012817, 0.9928666949272156, 0.9933000206947327, 0.9933666586875916, 0.9944000244140625, 0.9944833517074585, 0.9948499798774719, 0.9944999814033508, 0.9950000047683716, 0.9958000183105469, 0.9954000115394592, 0.9959666728973389, 0.9960333108901978, 0.9964500069618225, 0.9964666962623596, 0.9967666864395142, 0.9974666833877563, 0.996749997138977, 0.9971166849136353], "loss": [0.1618448793888092, 0.058222170919179916, 0.04539600759744644, 0.037469953298568726, 0.032457418739795685, 0.026996459811925888, 0.025888824835419655, 0.02204403281211853, 0.021633656695485115, 0.02014097012579441, 0.016947871074080467, 0.017376866191625595, 0.014901111833751202, 0.017076369374990463, 0.014703022316098213, 0.012921114452183247, 0.013503601774573326, 0.011739565059542656, 0.011814535595476627, 0.010959534905850887, 0.010532080195844173, 0.009217621758580208, 0.007965684868395329, 0.010125982575118542, 0.008406227454543114], "val_accuracy": [0.9553999900817871, 0.9894000291824341, 0.9921000003814697, 0.991599977016449, 0.9922999739646912, 0.9932000041007996, 0.9937000274658203, 0.9934999942779541, 0.9927999973297119, 0.9915000200271606, 0.995199978351593, 0.995199978351593, 0.9936000108718872, 0.9943000078201294, 0.9958000183105469, 0.995199978351593, 0.994700014591217, 0.9958999752998352, 0.9962999820709229, 0.9945999979972839, 0.9941999912261963, 0.9952999949455261, 0.994700014591217, 0.9950000047683716, 0.9950000047683716], "val_loss": [0.15339979529380798, 0.03276896849274635, 0.024286815896630287, 0.023397939279675484, 0.02194974571466446, 0.020107252523303032, 0.018580438569188118, 0.020872805267572403, 0.022256869822740555, 0.027071338146924973, 0.01647076942026615, 0.014632133767008781, 0.01965373568236828, 0.018603509292006493, 0.013790730386972427, 0.01726728118956089, 0.016420550644397736, 0.015120076015591621, 0.013583256863057613, 0.016691675409674644, 0.01873309165239334, 0.017353935167193413, 0.017477866262197495, 0.017830954864621162, 0.016758888959884644]}