{
  "image_type": "mnist",
  "condition": "original",
  "percent_kept": 0.75,
  "test_loss": 0.018202655017375946,
  "test_accuracy": 0.9944000244140625,
  "epochs_trained": 13,
  "best_val_accuracy": 0.9944000244140625
}