{"accuracy": [0.942799985408783, 0.979616641998291, 0.9844666719436646, 0.9876166582107544, 0.9886833429336548, 0.9901166558265686, 0.9902999997138977, 0.9912999868392944, 0.9926666617393494, 0.9919666647911072, 0.9938166737556458, 0.9937000274658203, 0.993483304977417, 0.9935666918754578, 0.9947333335876465, 0.9950166940689087, 0.9953666925430298, 0.9957333207130432, 0.9956666827201843, 0.9958333373069763, 0.9958666563034058, 0.9967666864395142], "loss": [0.18610046803951263, 0.06658374518156052, 0.050590600818395615, 0.040014129132032394, 0.03496955335140228, 0.032635584473609924, 0.029662057757377625, 0.02605646848678589, 0.02295602485537529, 0.024142377078533173, 0.020611388608813286, 0.01819472201168537, 0.019685085862874985, 0.01905747316777706, 0.015631966292858124, 0.015434140339493752, 0.013870831578969955, 0.012589010410010815, 0.013583059422671795, 0.013338841497898102, 0.012393748387694359, 0.010541576892137527], "val_accuracy": [0.7616999745368958, 0.9883000254631042, 0.9904000163078308, 0.9898999929428101, 0.9905999898910522, 0.9912999868392944, 0.9925000071525574, 0.9918000102043152, 0.9934999942779541, 0.9940000176429749, 0.9923999905586243, 0.9934999942779541, 0.9939000010490417, 0.9923999905586243, 0.9909999966621399, 0.9944000244140625, 0.9936000108718872, 0.9912999868392944, 0.9944000244140625, 0.9937999844551086, 0.9939000010490417, 0.9937999844551086], "val_loss": [0.7983496189117432, 0.03547852113842964, 0.03243958577513695, 0.029262876138091087, 0.02689550444483757, 0.02926129847764969, 0.022839095443487167, 0.023007500916719437, 0.02179722674190998, 0.018383923918008804, 0.025414956733584404, 0.020390765741467476, 0.021209442988038063, 0.02564120478928089, 0.02922763116657734, 0.018305571749806404, 0.02132548950612545, 0.028130611404776573, 0.02177370712161064, 0.018448462709784508, 0.02084299735724926, 0.0262693352997303]}