{"accuracy": [0.9398166537284851, 0.9783333539962769, 0.9840999841690063, 0.9866333603858948, 0.9871500134468079, 0.989466667175293, 0.9905166625976562, 0.9918000102043152, 0.9925500154495239, 0.9924166798591614, 0.9924666881561279, 0.9933000206947327, 0.993483304977417, 0.9938666820526123, 0.9947500228881836, 0.9955833554267883, 0.9949833154678345, 0.9954666495323181, 0.99631667137146, 0.9961000084877014, 0.9958833456039429, 0.9965333342552185, 0.9960833191871643, 0.99631667137146, 0.9975333213806152], "loss": [0.19616727530956268, 0.06977619975805283, 0.05284717306494713, 0.043464433401823044, 0.04005436971783638, 0.03446989506483078, 0.030265862122178078, 0.026555292308330536, 0.023810219019651413, 0.022741513326764107, 0.023610863834619522, 0.020498529076576233, 0.018944749608635902, 0.018306275829672813, 0.01562846079468727, 0.014178244397044182, 0.014869578182697296, 0.013642370700836182, 0.011496089398860931, 0.01187054067850113, 0.01180990319699049, 0.009644689038395882, 0.012145332992076874, 0.010530649684369564, 0.007097904104739428], "val_accuracy": [0.8780999779701233, 0.9878000020980835, 0.9886999726295471, 0.9909999966621399, 0.989799976348877, 0.9911999702453613, 0.9911999702453613, 0.9912999868392944, 0.9919000267982483, 0.9925000071525574, 0.9927999973297119, 0.9905999898910522, 0.9933000206947327, 0.9925000071525574, 0.9925000071525574, 0.9934999942779541, 0.9919000267982483, 0.993399977684021, 0.9937000274658203, 0.9943000078201294, 0.992900013923645, 0.9919999837875366, 0.9915000200271606, 0.9937999844551086, 0.9937000274658203], "val_loss": [0.3706599473953247, 0.036735549569129944, 0.0336306169629097, 0.027099335566163063, 0.03324446454644203, 0.0257614403963089, 0.028504839166998863, 0.025509431958198547, 0.028515685349702835, 0.02391386777162552, 0.022494886070489883, 0.02656456269323826, 0.022321514785289764, 0.022564910352230072, 0.024222809821367264, 0.02256978489458561, 0.03525827080011368, 0.02205624058842659, 0.021639684215188026, 0.021664587780833244, 0.027793701738119125, 0.028978506103157997, 0.02892673946917057, 0.02523401565849781, 0.022073669359087944]}