{
  "image_type": "mnist",
  "condition": "zero",
  "percent_kept": 0.75,
  "test_loss": 0.018313048407435417,
  "test_accuracy": 0.9944000244140625,
  "epochs_trained": 18,
  "best_val_accuracy": 0.9945999979972839
}