{"accuracy": [0.9434000253677368, 0.979449987411499, 0.9843000173568726, 0.9870833158493042, 0.9884999990463257, 0.989633321762085, 0.9907666444778442, 0.9914833307266235, 0.9919000267982483, 0.992816686630249, 0.9929666519165039, 0.9939166903495789, 0.9940000176429749, 0.9945666790008545, 0.9942333102226257, 0.9955000281333923, 0.9950000047683716, 0.9956166744232178], "loss": [0.18342813849449158, 0.06643322855234146, 0.0516381599009037, 0.04064154997467995, 0.03589530661702156, 0.03225729241967201, 0.0282765943557024, 0.02738071046769619, 0.02615070529282093, 0.02294049970805645, 0.02227807231247425, 0.01918407715857029, 0.01804724708199501, 0.017199033871293068, 0.017566177994012833, 0.014395950362086296, 0.015464318916201591, 0.01385769434273243], "val_accuracy": [0.9061999917030334, 0.9878000020980835, 0.9901999831199646, 0.9905999898910522, 0.9904000163078308, 0.991100013256073, 0.9919999837875366, 0.9919999837875366, 0.991100013256073, 0.9933000206947327, 0.9914000034332275, 0.9944000244140625, 0.9932000041007996, 0.9926000237464905, 0.992900013923645, 0.9929999709129333, 0.9939000010490417, 0.9945999979972839], "val_loss": [0.2972199618816376, 0.0355493500828743, 0.02974669262766838, 0.0309084951877594, 0.027362920343875885, 0.02445170097053051, 0.02284940518438816, 0.025254998356103897, 0.02785785309970379, 0.021613137796521187, 0.025573384016752243, 0.01831303909420967, 0.020788712427020073, 0.024028588086366653, 0.023546883836388588, 0.02182432822883129, 0.022840408608317375, 0.019504277035593987]}